timestamp,value
1493899140.0,37.61
1493899200.0,35.72
1493899260.0,34.72
1493899320.0,33.05
1493899380.0,33.85
1493899440.0,34.88
1493899500.0,32.59
1493899560.0,33.09
1493899620.0,33.15
1493899680.0,32.88
1493899740.0,32.31
1493899800.0,32.44
1493899860.0,32.17
1493899920.0,32.58
1493899980.0,32.73
1493900040.0,33.24
1493900100.0,32.82
1493900160.0,31.95
1493900220.0,32.6
1493900280.0,30.85
1493900340.0,31.5
1493900400.0,31.03
1493900460.0,31.09
1493900520.0,31.08
1493900580.0,31.73
1493900640.0,30.59
1493900700.0,30.57
1493900760.0,30.09
1493900820.0,31.29
1493900880.0,31.01
1493900940.0,31.82
1493901000.0,31.38
1493901060.0,32.55
1493901120.0,32.86
1493901180.0,32.45
1493901240.0,32.36
1493901300.0,31.3
1493901360.0,33.3
1493901420.0,32.15
1493901480.0,31.44
1493901540.0,32.22
1493901600.0,32.29
1493901660.0,31.72
1493901720.0,32.08
1493901780.0,31.95
1493901840.0,32.8
1493901900.0,32.95
1493901960.0,31.65
1493902020.0,32.2
1493902080.0,32.32
1493902140.0,33.24
1493902200.0,31.42
1493902260.0,31.01
1493902320.0,30.9
1493902380.0,31.1
1493902440.0,32.25
1493902500.0,30.53
1493902560.0,32.55
1493902620.0,30.69
1493902680.0,30.53
1493902740.0,32.08
1493902800.0,30.48
1493902860.0,31.31
1493902920.0,30.69
1493902980.0,29.9
1493903040.0,31.42
1493903100.0,29.61
1493903160.0,30.99
1493903220.0,29.69
1493903280.0,30.94
1493903340.0,31.68
1493903400.0,32.02
1493903460.0,31.52
1493903520.0,32.39
1493903580.0,31.32
1493903640.0,31.67
1493903700.0,33.24
1493903760.0,31.78
1493903820.0,31.84
1493903880.0,32.14
1493903940.0,31.55
1493904000.0,30.9
1493904060.0,31.09
1493904120.0,31.03
1493904180.0,30.33
1493904240.0,32.38
1493904300.0,31.08
1493904360.0,32.15
1493904420.0,31.08
1493904480.0,31.93
1493904540.0,31.72
1493904600.0,31.41
1493904660.0,32.85
1493904720.0,32.29
1493904780.0,31.7
1493904840.0,32.59
1493904900.0,30.84
1493904960.0,30.84
1493905020.0,31.82
1493905080.0,32.13
1493905140.0,32.02
1493905200.0,31.76
1493905260.0,32.27
1493905320.0,32.53
1493905380.0,30.92
1493905440.0,31.39
1493905500.0,31.89
1493905560.0,32.31
1493905620.0,33.72
1493905680.0,32.28
1493905740.0,32.08
1493905800.0,32.11
1493905860.0,31.63
1493905920.0,30.96
1493905980.0,32.27
1493906040.0,31.98
1493906100.0,32.25
1493906160.0,32.09
1493906220.0,32.64
1493906280.0,32.51
1493906340.0,31.19
1493906400.0,31.95
1493906460.0,31.47
1493906520.0,31.22
1493906580.0,31.2
1493906640.0,31.81
1493906700.0,30.24
1493906760.0,31.83
1493906820.0,30.7
1493906880.0,32.07
1493906940.0,31.37
1493907000.0,32.1
1493907060.0,31.12
1493907120.0,31.59
1493907180.0,31.32
1493907240.0,32.23
1493907300.0,33.87
1493907360.0,32.38
1493907420.0,33.13
1493907480.0,32.45
1493907540.0,32.32
1493907600.0,31.87
1493907660.0,32.17
1493907720.0,31.65
1493907780.0,31.55
1493907840.0,31.79
1493907900.0,32.82
1493907960.0,31.82
1493908020.0,32.42
1493908080.0,31.88
1493908140.0,30.41
1493908200.0,30.94
1493908260.0,31.92
1493908320.0,31.51
1493908380.0,31.47
1493908440.0,32.19
1493908500.0,30.64
1493908560.0,30.95
1493908620.0,30.82
1493908680.0,31.52
1493908740.0,32.25
1493908800.0,32.2
1493908860.0,32.08
1493908920.0,31.74
1493908980.0,31.02
1493909040.0,31.38
1493909100.0,31.44
1493909160.0,29.62
1493909220.0,31.49
1493909280.0,30.28
1493909340.0,31.43
1493909400.0,31.85
1493909460.0,30.57
1493909520.0,31.11
1493909580.0,32.29
1493909640.0,30.51
1493909700.0,31.01
1493909760.0,30.39
1493909820.0,30.93
1493909880.0,30.87
1493909940.0,30.14
1493910000.0,31.16
1493910060.0,31.32
1493910120.0,30.64
1493910180.0,31.35
1493910240.0,30.85
1493910300.0,29.79
1493910360.0,30.0
1493910420.0,29.95
1493910480.0,30.2
1493910540.0,30.0
1493910600.0,30.58
1493910660.0,30.38
1493910720.0,31.2
1493910780.0,30.74
1493910840.0,31.11
1493910900.0,31.17
1493910960.0,32.42
1493911020.0,31.49
1493911080.0,30.5
1493911140.0,30.42
1493911200.0,29.54
1493911260.0,30.68
1493911320.0,30.22
1493911380.0,30.94
1493911440.0,29.67
1493911500.0,30.62
1493911560.0,29.82
1493911620.0,30.13
1493911680.0,28.99
1493911740.0,30.03
1493911800.0,29.67
1493911860.0,31.2
1493911920.0,30.74
1493911980.0,32.16
1493912040.0,30.0
1493912100.0,30.88
1493912160.0,30.2
1493912220.0,31.04
1493912280.0,29.88
1493912340.0,31.1
1493912400.0,30.06
1493912460.0,30.21
1493912520.0,29.56
1493912580.0,30.53
1493912640.0,30.66
1493912700.0,28.82
1493912760.0,29.43
1493912820.0,29.47
1493912880.0,29.42
1493912940.0,30.02
1493913000.0,29.77
1493913060.0,29.97
1493913120.0,29.64
1493913180.0,29.06
1493913240.0,30.4
1493913300.0,28.41
1493913360.0,31.64
1493913420.0,29.91
1493913480.0,28.81
1493913540.0,29.07
1493913600.0,30.0
1493913660.0,29.91
1493913720.0,29.9
1493913780.0,28.87
1493913840.0,29.57
1493913900.0,28.88
1493913960.0,29.84
1493914020.0,28.4
1493914080.0,28.68
1493914140.0,28.56
1493914200.0,28.6
1493914260.0,29.08
1493914320.0,28.87
1493914380.0,28.23
1493914440.0,27.25
1493914500.0,28.53
1493914560.0,28.05
1493914620.0,29.31
1493914680.0,28.51
1493914740.0,28.71
1493914800.0,27.65
1493914860.0,27.6
1493914920.0,28.5
1493914980.0,28.49
1493915040.0,27.68
1493915100.0,27.29
1493915160.0,27.78
1493915220.0,28.13
1493915280.0,27.84
1493915340.0,28.28
1493915400.0,27.92
1493915460.0,27.9
1493915520.0,27.35
1493915580.0,28.19
1493915640.0,28.12
1493915700.0,28.47
1493915760.0,26.97
1493915820.0,27.51
1493915880.0,27.74
1493915940.0,27.81
1493916000.0,29.22
1493916060.0,27.35
1493916120.0,28.56
1493916180.0,27.49
1493916240.0,28.72
1493916300.0,28.49
1493916360.0,28.33
1493916420.0,28.75
1493916480.0,29.27
1493916540.0,27.79
1493916600.0,29.32
1493916660.0,27.62
1493916720.0,28.31
1493916780.0,28.22
1493916840.0,27.19
1493916900.0,27.9
1493916960.0,27.77
1493917020.0,27.36
1493917080.0,28.76
1493917140.0,28.91
1493917200.0,28.45
1493917260.0,27.44
1493917320.0,28.09
1493917380.0,28.37
1493917440.0,28.6
1493917500.0,27.5
1493917560.0,27.47
1493917620.0,27.77
1493917680.0,28.48
1493917740.0,28.89
1493917800.0,28.01
1493917860.0,28.83
1493917920.0,29.23
1493917980.0,28.43
1493918040.0,28.13
1493918100.0,29.17
1493918160.0,28.88
1493918220.0,28.01
1493918280.0,28.48
1493918340.0,29.72
1493918400.0,28.4
1493918460.0,28.26
1493918520.0,27.52
1493918580.0,28.42
1493918640.0,27.63
1493918700.0,27.69
1493918760.0,28.7
1493918820.0,28.81
1493918880.0,28.23
1493918940.0,28.22
1493919000.0,28.0
1493919060.0,28.34
1493919120.0,29.06
1493919180.0,29.31
1493919240.0,28.12
1493919300.0,26.7
1493919360.0,28.77
1493919420.0,27.86
1493919480.0,27.94
1493919540.0,27.45
1493919600.0,28.51
1493919660.0,29.52
1493919720.0,27.23
1493919780.0,27.23
1493919840.0,28.93
1493919900.0,29.07
1493919960.0,28.58
1493920020.0,29.64
1493920080.0,28.7
1493920140.0,27.92
1493920200.0,28.33
1493920260.0,28.35
1493920320.0,28.56
1493920380.0,28.01
1493920440.0,28.55
1493920500.0,28.48
1493920560.0,29.66
1493920620.0,28.25
1493920680.0,29.4
1493920740.0,28.93
1493920800.0,28.0
1493920860.0,28.92
1493920920.0,28.24
1493920980.0,27.85
1493921040.0,30.81
1493921100.0,30.18
1493921160.0,30.18
1493921220.0,29.65
1493921280.0,28.47
1493921340.0,29.56
1493921400.0,28.45
1493921460.0,30.26
1493921520.0,29.89
1493921580.0,28.69
1493921640.0,29.53
1493921700.0,28.32
1493921760.0,29.58
1493921820.0,28.23
1493921880.0,29.22
1493921940.0,28.45
1493922000.0,27.85
1493922060.0,29.92
1493922120.0,30.16
1493922180.0,28.53
1493922240.0,29.99
1493922300.0,28.11
1493922360.0,29.87
1493922420.0,30.28
1493922480.0,28.91
1493922540.0,29.82
1493922600.0,29.93
1493922660.0,28.94
1493922720.0,29.76
1493922780.0,31.07
1493922840.0,29.46
1493922900.0,30.29
1493922960.0,29.23
1493923020.0,31.21
1493923080.0,28.92
1493923140.0,29.0
1493923200.0,28.38
1493923260.0,28.79
1493923320.0,28.13
1493923380.0,29.33
1493923440.0,27.69
1493923500.0,30.23
1493923560.0,27.86
1493923620.0,28.28
1493923680.0,28.46
1493923740.0,29.52
1493923800.0,29.2
1493923860.0,29.21
1493923920.0,30.36
1493923980.0,29.91
1493924040.0,29.12
1493924100.0,28.81
1493924160.0,28.97
1493924220.0,27.97
1493924280.0,29.4
1493924340.0,30.69
1493924400.0,29.58
1493924460.0,29.06
1493924520.0,31.32
1493924580.0,31.1
1493924640.0,29.37
1493924700.0,30.04
1493924760.0,29.77
1493924820.0,28.44
1493924880.0,28.6
1493924940.0,28.67
1493925000.0,28.45
1493925060.0,28.99
1493925120.0,28.24
1493925180.0,27.91
1493925240.0,29.99
1493925300.0,27.42
1493925360.0,27.42
1493925420.0,28.64
1493925480.0,27.79
1493925540.0,28.36
1493925600.0,27.82
1493925660.0,28.99
1493925720.0,28.58
1493925780.0,26.21
1493925840.0,27.59
1493925900.0,27.06
1493925960.0,28.66
1493926020.0,28.66
1493926080.0,29.82
1493926140.0,29.93
1493926200.0,28.51
1493926260.0,27.4
1493926320.0,30.59
1493926380.0,29.74
1493926440.0,28.74
1493926500.0,28.39
1493926560.0,27.29
1493926620.0,27.74
1493926680.0,27.0
1493926740.0,27.92
1493926800.0,27.58
1493926860.0,27.45
1493926920.0,29.73
1493926980.0,28.95
1493927040.0,28.45
1493927100.0,28.8
1493927160.0,30.79
1493927220.0,31.14
1493927280.0,29.57
1493927340.0,31.48
1493927400.0,29.56
1493927460.0,28.97
1493927520.0,30.11
1493927580.0,28.73
1493927640.0,29.46
1493927700.0,28.75
1493927760.0,28.6
1493927820.0,29.11
1493927880.0,28.71
1493927940.0,26.62
1493928000.0,27.03
1493928060.0,27.18
1493928120.0,27.62
1493928180.0,25.76
1493928240.0,28.0
1493928300.0,27.46
1493928360.0,28.13
1493928420.0,28.7
1493928480.0,28.59
1493928540.0,27.75
1493928600.0,29.34
1493928660.0,26.98
1493928720.0,29.97
1493928780.0,28.06
1493928840.0,28.44
1493928900.0,28.8
1493928960.0,28.11
1493929020.0,30.3
1493929080.0,30.48
1493929140.0,27.69
1493929200.0,27.23
1493929260.0,28.79
1493929320.0,27.4
1493929380.0,28.83
1493929440.0,26.92
1493929500.0,27.27
1493929560.0,29.29
1493929620.0,27.15
1493929680.0,29.22
1493929740.0,28.29
1493929800.0,27.3
1493929860.0,28.93
1493929920.0,29.13
1493929980.0,27.58
1493930040.0,29.93
1493930100.0,27.49
1493930160.0,26.71
1493930220.0,28.38
1493930280.0,27.04
1493930340.0,28.72
1493930400.0,27.23
1493930460.0,29.65
1493930520.0,28.6
1493930580.0,29.68
1493930640.0,28.74
1493930700.0,29.31
1493930760.0,29.46
1493930820.0,30.2
1493930880.0,32.56
1493930940.0,26.72
1493931000.0,27.22
1493931060.0,27.41
1493931120.0,28.94
1493931180.0,28.39
1493931240.0,29.4
1493931300.0,28.14
1493931360.0,26.85
1493931420.0,29.06
1493931480.0,29.52
1493931540.0,26.72
1493931600.0,26.85
1493931660.0,27.34
1493931720.0,27.57
1493931780.0,27.65
1493931840.0,28.11
1493931900.0,28.99
1493931960.0,27.92
1493932020.0,25.93
1493932080.0,28.18
1493932140.0,28.33
1493932200.0,27.85
1493932260.0,27.62
1493932320.0,29.45
1493932380.0,28.56
1493932440.0,29.14
1493932500.0,26.84
1493932560.0,28.96
1493932620.0,27.0
1493932680.0,27.41
1493932740.0,28.78
1493932800.0,29.11
1493932860.0,27.85
1493932920.0,28.29
1493932980.0,28.16
1493933040.0,28.08
1493933100.0,27.05
1493933160.0,28.3
1493933220.0,29.66
1493933280.0,28.21
1493933340.0,27.38
1493933400.0,28.17
1493933460.0,28.37
1493933520.0,29.38
1493933580.0,30.56
1493933640.0,30.38
1493933700.0,29.48
1493933760.0,27.85
1493933820.0,29.03
1493933880.0,27.34
1493933940.0,28.18
1493934000.0,29.14
1493934060.0,28.41
1493934120.0,28.61
1493934180.0,29.13
1493934240.0,28.16
1493934300.0,27.55
1493934360.0,28.8
1493934420.0,28.87
1493934480.0,27.87
1493934540.0,29.05
1493934600.0,28.01
1493934660.0,28.37
1493934720.0,28.08
1493934780.0,27.36
1493934840.0,28.77
1493934900.0,28.83
1493934960.0,29.5
1493935020.0,28.46
1493935080.0,29.5
1493935140.0,29.94
1493935200.0,29.22
1493935260.0,29.56
1493935320.0,28.25
1493935380.0,28.08
1493935440.0,28.25
1493935500.0,27.47
1493935560.0,28.81
1493935620.0,28.8
1493935680.0,28.44
1493935740.0,28.71
1493935800.0,27.03
1493935860.0,28.89
1493935920.0,28.36
1493935980.0,28.09
1493936040.0,27.77
1493936100.0,28.57
1493936160.0,28.61
1493936220.0,27.78
1493936280.0,29.21
1493936340.0,29.11
1493936400.0,27.55
1493936460.0,28.4
1493936520.0,27.27
1493936580.0,28.61
1493936640.0,27.29
1493936700.0,29.03
1493936760.0,27.94
1493936820.0,28.19
1493936880.0,29.34
1493936940.0,28.44
1493937000.0,27.29
1493937060.0,28.31
1493937120.0,28.49
1493937180.0,29.37
1493937240.0,29.09
1493937300.0,28.84
1493937360.0,28.22
1493937420.0,29.01
1493937480.0,27.81
1493937540.0,28.87
1493937600.0,29.11
1493937660.0,28.47
1493937720.0,28.17
1493937780.0,28.27
1493937840.0,28.31
1493937900.0,27.97
1493937960.0,28.44
1493938020.0,28.83
1493938080.0,29.04
1493938140.0,28.59
1493938200.0,28.54
1493938260.0,29.11
1493938320.0,28.25
1493938380.0,27.65
1493938440.0,29.1
1493938500.0,29.55
1493938560.0,29.59
1493938620.0,29.23
1493938680.0,30.3
1493938740.0,27.66
1493938800.0,27.96
1493938860.0,27.84
1493938920.0,28.92
1493938980.0,29.62
1493939040.0,28.68
1493939100.0,28.99
1493939160.0,29.45
1493939220.0,28.05
1493939280.0,29.98
1493939340.0,28.89
1493939400.0,28.94
1493939460.0,28.12
1493939520.0,29.04
1493939580.0,29.36
1493939640.0,28.77
1493939700.0,28.91
1493939760.0,30.12
1493939820.0,30.94
1493939880.0,29.82
1493939940.0,29.76
1493940000.0,28.69
1493940060.0,29.99
1493940120.0,28.84
1493940180.0,29.13
1493940240.0,28.9
1493940300.0,28.31
1493940360.0,29.55
1493940420.0,28.4
1493940480.0,28.06
1493940540.0,29.06
1493940600.0,29.39
1493940660.0,29.06
1493940720.0,28.37
1493940780.0,28.3
1493940840.0,28.7
1493940900.0,28.65
1493940960.0,28.88
1493941020.0,29.61
1493941080.0,28.46
1493941140.0,28.96
1493941200.0,29.06
1493941260.0,29.1
1493941320.0,29.68
1493941380.0,29.01
1493941440.0,28.88
1493941500.0,28.6
1493941560.0,29.57
1493941620.0,29.37
1493941680.0,29.77
1493941740.0,29.58
1493941800.0,29.19
1493941860.0,28.52
1493941920.0,30.0
1493941980.0,29.51
1493942040.0,29.75
1493942100.0,29.61
1493942160.0,30.15
1493942220.0,30.17
1493942280.0,29.81
1493942340.0,30.23
1493942400.0,30.87
1493942460.0,32.19
1493942520.0,30.63
1493942580.0,29.76
1493942640.0,30.15
1493942700.0,30.38
1493942760.0,30.61
1493942820.0,30.83
1493942880.0,30.05
1493942940.0,29.57
1493943000.0,30.38
1493943060.0,30.78
1493943120.0,30.31
1493943180.0,31.2
1493943240.0,30.42
1493943300.0,31.29
1493943360.0,30.82
1493943420.0,32.52
1493943480.0,30.42
1493943540.0,30.25
1493943600.0,29.75
1493943660.0,31.06
1493943720.0,30.2
1493943780.0,30.34
1493943840.0,30.2
1493943900.0,30.54
1493943960.0,30.27
1493944020.0,30.48
1493944080.0,29.98
1493944140.0,30.58
1493944200.0,32.05
1493944260.0,31.93
1493944320.0,31.23
1493944380.0,29.8
1493944440.0,30.5
1493944500.0,31.39
1493944560.0,31.43
1493944620.0,30.89
1493944680.0,30.51
1493944740.0,32.37
1493944800.0,31.66
1493944860.0,31.3
1493944920.0,31.7
1493944980.0,31.47
1493945040.0,31.43
1493945100.0,31.84
1493945160.0,32.13
1493945220.0,30.81
1493945280.0,33.05
1493945340.0,31.75
1493945400.0,31.43
1493945460.0,31.03
1493945520.0,31.69
1493945580.0,31.32
1493945640.0,30.73
1493945700.0,31.15
1493945760.0,31.59
1493945820.0,31.82
1493945880.0,31.53
1493945940.0,30.23
1493946000.0,30.47
1493946060.0,31.79
1493946120.0,31.16
1493946180.0,30.81
1493946240.0,30.98
1493946300.0,30.44
1493946360.0,30.3
1493946420.0,30.35
1493946480.0,30.21
1493946540.0,30.83
1493946600.0,30.73
1493946660.0,29.99
1493946720.0,30.5
1493946780.0,30.6
1493946840.0,31.69
1493946900.0,32.06
1493946960.0,29.62
1493947020.0,30.94
1493947080.0,30.81
1493947140.0,30.07
1493947200.0,29.8
1493947260.0,31.38
1493947320.0,31.27
1493947380.0,32.12
1493947440.0,30.84
1493947500.0,31.78
1493947560.0,31.01
1493947620.0,30.41
1493947680.0,30.89
1493947740.0,30.79
1493947800.0,31.07
1493947860.0,30.42
1493947920.0,30.87
1493947980.0,31.77
1493948040.0,31.47
1493948100.0,30.49
1493948160.0,30.07
1493948220.0,30.54
1493948280.0,30.12
1493948340.0,30.81
1493948400.0,30.68
1493948460.0,30.98
1493948520.0,31.08
1493948580.0,31.22
1493948640.0,31.36
1493948700.0,31.29
1493948760.0,31.72
1493948820.0,30.39
1493948880.0,30.24
1493948940.0,31.79
1493949000.0,31.29
1493949060.0,30.04
1493949120.0,30.25
1493949180.0,30.38
1493949240.0,31.62
1493949300.0,30.49
1493949360.0,31.7
1493949420.0,31.43
1493949480.0,31.41
1493949540.0,32.14
1493949600.0,31.01
1493949660.0,30.54
1493949720.0,32.62
1493949780.0,31.6
1493949840.0,32.27
1493949900.0,32.1
1493949960.0,33.34
1493950020.0,31.2
1493950080.0,32.17
1493950140.0,31.73
1493950200.0,32.28
1493950260.0,32.01
1493950320.0,31.41
1493950380.0,32.42
1493950440.0,32.27
1493950500.0,32.07
1493950560.0,31.35
1493950620.0,32.18
1493950680.0,31.35
1493950740.0,31.66
1493950800.0,31.81
1493950860.0,33.21
1493950920.0,32.13
1493950980.0,32.58
1493951040.0,32.74
1493951100.0,33.21
1493951160.0,31.65
1493951220.0,32.14
1493951280.0,32.24
1493951340.0,32.49
1493951400.0,32.25
1493951460.0,32.54
1493951520.0,34.15
1493951580.0,34.31
1493951640.0,33.39
1493951700.0,31.37
1493951760.0,32.74
1493951820.0,32.4
1493951880.0,33.23
1493951940.0,32.24
1493952000.0,32.23
1493952060.0,32.69
1493952120.0,32.56
1493952180.0,32.66
1493952240.0,31.98
1493952300.0,33.86
1493952360.0,32.3
1493952420.0,32.92
1493952480.0,32.59
1493952540.0,33.63
1493952600.0,31.47
1493952660.0,31.69
1493952720.0,31.23
1493952780.0,31.97
1493952840.0,32.56
1493952900.0,32.41
1493952960.0,32.57
1493953020.0,33.31
1493953080.0,32.75
1493953140.0,33.63
1493953200.0,33.19
1493953260.0,32.77
1493953320.0,32.39
1493953380.0,32.86
1493953440.0,31.83
1493953500.0,32.16
1493953560.0,31.32
1493953620.0,32.0
1493953680.0,32.05
1493953740.0,30.49
1493953800.0,31.52
1493953860.0,31.66
1493953920.0,32.15
1493953980.0,31.49
1493954040.0,31.25
1493954100.0,32.61
1493954160.0,30.69
1493954220.0,31.42
1493954280.0,31.86
1493954340.0,31.9
1493954400.0,31.67
1493954460.0,32.1
1493954520.0,30.92
1493954580.0,32.56
1493954640.0,33.4
1493954700.0,31.53
1493954760.0,32.01
1493954820.0,32.6
1493954880.0,33.14
1493954940.0,32.06
1493955000.0,32.11
1493955060.0,32.56
1493955120.0,31.97
1493955180.0,32.03
1493955240.0,31.19
1493955300.0,31.36
1493955360.0,33.16
1493955420.0,31.6
1493955480.0,30.41
1493955540.0,33.39
1493955600.0,31.61
1493955660.0,32.82
1493955720.0,31.33
1493955780.0,32.83
1493955840.0,32.06
1493955900.0,32.55
1493955960.0,31.95
1493956020.0,33.04
1493956080.0,31.91
1493956140.0,32.98
1493956200.0,30.97
1493956260.0,30.98
1493956320.0,31.16
1493956380.0,32.58
1493956440.0,32.09
1493956500.0,31.29
1493956560.0,31.73
1493956620.0,30.77
1493956680.0,31.53
1493956740.0,29.55
1493956800.0,31.15
1493956860.0,31.66
1493956920.0,32.62
1493956980.0,30.29
1493957040.0,31.26
1493957100.0,31.11
1493957160.0,31.93
1493957220.0,31.62
1493957280.0,31.52
1493957340.0,31.81
1493957400.0,32.73
1493957460.0,31.68
1493957520.0,31.73
1493957580.0,30.74
1493957640.0,32.18
1493957700.0,32.04
1493957760.0,31.38
1493957820.0,31.55
1493957880.0,31.71
1493957940.0,31.87
1493958000.0,30.54
1493958060.0,31.4
1493958120.0,30.97
1493958180.0,33.18
1493958240.0,31.16
1493958300.0,31.98
1493958360.0,32.67
1493958420.0,32.93
1493958480.0,33.38
1493958540.0,31.99
1493958600.0,31.65
1493958660.0,32.09
1493958720.0,31.54
1493958780.0,30.66
1493958840.0,31.28
1493958900.0,32.96
1493958960.0,32.97
1493959020.0,31.62
1493959080.0,33.4
1493959140.0,33.32
1493959200.0,32.4
1493959260.0,31.73
1493959320.0,33.15
1493959380.0,32.58
1493959440.0,33.25
1493959500.0,33.21
1493959560.0,33.42
1493959620.0,34.39
1493959680.0,34.43
1493959740.0,33.09
1493959800.0,32.46
1493959860.0,32.98
1493959920.0,31.93
1493959980.0,31.96
1493960040.0,33.21
1493960100.0,32.07
1493960160.0,30.72
1493960220.0,32.77
1493960280.0,31.68
1493960340.0,33.28
1493960400.0,30.74
1493960460.0,32.69
1493960520.0,32.76
1493960580.0,32.52
1493960640.0,32.11
1493960700.0,31.84
1493960760.0,33.45
1493960820.0,33.16
1493960880.0,31.1
1493960940.0,33.28
1493961000.0,31.18
1493961060.0,31.04
1493961120.0,31.14
1493961180.0,31.63
1493961240.0,31.98
1493961300.0,32.15
1493961360.0,33.01
1493961420.0,33.24
1493961480.0,31.9
1493961540.0,31.82
1493961600.0,32.1
1493961660.0,32.17
1493961720.0,32.32
1493961780.0,30.98
1493961840.0,32.37
1493961900.0,31.79
1493961960.0,32.62
1493962020.0,31.21
1493962080.0,32.56
1493962140.0,31.88
1493962200.0,31.73
1493962260.0,30.63
1493962320.0,31.86
1493962380.0,30.99
1493962440.0,32.23
1493962500.0,31.02
1493962560.0,32.92
1493962620.0,32.19
1493962680.0,31.06
1493962740.0,30.59
1493962800.0,31.45
1493962860.0,32.32
1493962920.0,31.14
1493962980.0,32.5
1493963040.0,30.69
1493963100.0,32.92
1493963160.0,31.8
1493963220.0,32.19
1493963280.0,32.55
1493963340.0,32.55
1493963400.0,31.43
1493963460.0,33.03
1493963520.0,31.64
1493963580.0,32.57
1493963640.0,32.15
1493963700.0,31.85
1493963760.0,31.11
1493963820.0,31.95
1493963880.0,31.08
1493963940.0,31.31
1493964000.0,30.95
1493964060.0,32.87
1493964120.0,32.38
1493964180.0,31.92
1493964240.0,31.83
1493964300.0,32.7
1493964360.0,32.24
1493964420.0,32.74
1493964480.0,32.64
1493964540.0,33.1
1493964600.0,33.81
1493964660.0,33.18
1493964720.0,31.99
1493964780.0,31.62
1493964840.0,33.66
1493964900.0,32.12
1493964960.0,30.63
1493965020.0,32.34
1493965080.0,32.74
1493965140.0,31.52
1493965200.0,31.9
1493965260.0,32.62
1493965320.0,33.45
1493965380.0,32.7
1493965440.0,32.96
1493965500.0,32.49
1493965560.0,34.17
1493965620.0,33.46
1493965680.0,33.18
1493965740.0,33.69
1493965800.0,33.16
1493965860.0,33.95
1493965920.0,32.53
1493965980.0,32.49
1493966040.0,33.73
1493966100.0,32.94
1493966160.0,31.82
1493966220.0,33.37
1493966280.0,32.55
1493966340.0,34.37
1493966400.0,32.48
1493966460.0,33.49
1493966520.0,32.56
1493966580.0,32.87
1493966640.0,31.92
1493966700.0,32.32
1493966760.0,32.56
1493966820.0,32.92
1493966880.0,33.26
1493966940.0,32.17
1493967000.0,32.55
1493967060.0,33.69
1493967120.0,33.81
1493967180.0,32.36
1493967240.0,32.97
1493967300.0,32.43
1493967360.0,32.47
1493967420.0,32.29
1493967480.0,32.52
1493967540.0,32.93
1493967600.0,33.52
1493967660.0,31.66
1493967720.0,31.32
1493967780.0,32.9
1493967840.0,32.84
1493967900.0,33.18
1493967960.0,32.47
1493968020.0,34.47
1493968080.0,34.14
1493968140.0,33.19
1493968200.0,31.68
1493968260.0,33.13
1493968320.0,33.12
1493968380.0,32.68
1493968440.0,31.64
1493968500.0,33.04
1493968560.0,33.27
1493968620.0,33.74
1493968680.0,33.87
1493968740.0,34.66
1493968800.0,34.26
1493968860.0,34.11
1493968920.0,33.5
1493968980.0,33.99
1493969040.0,33.32
1493969100.0,32.68
1493969160.0,33.19
1493969220.0,33.0
1493969280.0,33.69
1493969340.0,33.34
1493969400.0,34.15
1493969460.0,34.63
1493969520.0,36.02
1493969580.0,35.75
1493969640.0,34.41
1493969700.0,32.92
1493969760.0,34.19
1493969820.0,33.22
1493969880.0,34.38
1493969940.0,33.41
1493970000.0,34.99
1493970060.0,33.39
1493970120.0,31.83
1493970180.0,31.94
1493970240.0,33.64
1493970300.0,33.55
1493970360.0,32.64
1493970420.0,33.52
1493970480.0,33.64
1493970540.0,34.35
1493970600.0,32.6
1493970660.0,33.72
1493970720.0,32.72
1493970780.0,35.41
1493970840.0,33.14
1493970900.0,32.97
1493970960.0,33.58
1493971020.0,34.77
1493971080.0,33.1
1493971140.0,32.44
1493971200.0,32.92
1493971260.0,33.59
1493971320.0,32.98
1493971380.0,33.76
1493971440.0,32.29
1493971500.0,31.92
1493971560.0,33.11
1493971620.0,32.77
1493971680.0,33.19
1493971740.0,33.95
1493971800.0,33.27
1493971860.0,33.64
1493971920.0,33.05
1493971980.0,33.9
1493972040.0,33.7
1493972100.0,32.67
1493972160.0,33.66
1493972220.0,33.23
1493972280.0,33.04
1493972340.0,32.04
1493972400.0,31.78
1493972460.0,33.42
1493972520.0,32.96
1493972580.0,32.25
1493972640.0,32.14
1493972700.0,33.7
1493972760.0,32.84
1493972820.0,34.65
1493972880.0,33.0
1493972940.0,33.56
1493973000.0,34.75
1493973060.0,35.05
1493973120.0,33.5
1493973180.0,34.86
1493973240.0,35.11
1493973300.0,33.87
1493973360.0,33.95
1493973420.0,34.45
1493973480.0,34.54
1493973540.0,34.08
1493973600.0,34.53
1493973660.0,32.82
1493973720.0,34.03
1493973780.0,31.89
1493973840.0,34.21
1493973900.0,32.28
1493973960.0,34.21
1493974020.0,34.52
1493974080.0,34.79
1493974140.0,33.73
1493974200.0,34.41
1493974260.0,34.59
1493974320.0,33.02
1493974380.0,33.78
1493974440.0,33.18
1493974500.0,34.35
1493974560.0,31.55
1493974620.0,33.34
1493974680.0,32.62
1493974740.0,33.3
1493974800.0,32.0
1493974860.0,32.56
1493974920.0,32.41
1493974980.0,34.25
1493975040.0,32.11
1493975100.0,32.27
1493975160.0,33.22
1493975220.0,34.53
1493975280.0,32.12
1493975340.0,33.57
1493975400.0,33.99
1493975460.0,34.65
1493975520.0,33.81
1493975580.0,33.71
1493975640.0,34.38
1493975700.0,34.07
1493975760.0,33.96
1493975820.0,33.03
1493975880.0,34.17
1493975940.0,32.4
1493976000.0,32.1
1493976060.0,32.53
1493976120.0,34.23
1493976180.0,35.42
1493976240.0,34.63
1493976300.0,33.66
1493976360.0,35.36
1493976420.0,34.46
1493976480.0,34.57
1493976540.0,33.66
1493976600.0,34.46
1493976660.0,34.32
1493976720.0,33.85
1493976780.0,34.27
1493976840.0,33.78
1493976900.0,34.65
1493976960.0,32.84
1493977020.0,33.21
1493977080.0,33.54
1493977140.0,32.98
1493977200.0,32.62
1493977260.0,34.13
1493977320.0,34.21
1493977380.0,32.94
1493977440.0,33.16
1493977500.0,31.14
1493977560.0,33.68
1493977620.0,32.83
1493977680.0,33.8
1493977740.0,31.17
1493977800.0,33.38
1493977860.0,33.62
1493977920.0,33.8
1493977980.0,32.84
1493978040.0,34.26
1493978100.0,34.99
1493978160.0,33.56
1493978220.0,34.3
1493978280.0,33.08
1493978340.0,34.54
1493978400.0,33.87
1493978460.0,33.02
1493978520.0,33.73
1493978580.0,34.33
1493978640.0,33.95
1493978700.0,33.4
1493978760.0,33.41
1493978820.0,33.5
1493978880.0,33.8
1493978940.0,32.91
1493979000.0,33.91
1493979060.0,33.55
1493979120.0,34.01
1493979180.0,33.91
1493979240.0,33.3
1493979300.0,34.28
1493979360.0,34.1
1493979420.0,34.69
1493979480.0,35.22
1493979540.0,34.32
1493979600.0,34.08
1493979660.0,33.28
1493979720.0,32.76
1493979780.0,33.87
1493979840.0,32.38
1493979900.0,33.06
1493979960.0,33.04
1493980020.0,33.09
1493980080.0,32.49
1493980140.0,32.32
1493980200.0,33.25
1493980260.0,33.6
1493980320.0,33.56
1493980380.0,32.58
1493980440.0,35.13
1493980500.0,34.33
1493980560.0,35.42
1493980620.0,33.72
1493980680.0,34.99
1493980740.0,33.42
1493980800.0,33.71
1493980860.0,32.85
1493980920.0,32.95
1493980980.0,32.57
1493981040.0,32.45
1493981100.0,32.78
1493981160.0,32.78
1493981220.0,33.93
1493981280.0,32.83
1493981340.0,33.24
1493981400.0,33.3
1493981460.0,33.89
1493981520.0,32.96
1493981580.0,32.99
1493981640.0,34.14
1493981700.0,34.37
1493981760.0,32.91
1493981820.0,33.62
1493981880.0,34.58
1493981940.0,34.7
1493982000.0,33.67
1493982060.0,32.67
1493982120.0,34.17
1493982180.0,32.28
1493982240.0,32.38
1493982300.0,32.22
1493982360.0,34.36
1493982420.0,32.22
1493982480.0,32.89
1493982540.0,33.89
1493982600.0,35.4
1493982660.0,35.18
1493982720.0,34.36
1493982780.0,34.72
1493982840.0,33.7
1493982900.0,35.81
1493982960.0,34.06
1493983020.0,35.17
1493983080.0,32.99
1493983140.0,33.92
1493983200.0,33.29
1493983260.0,34.09
1493983320.0,33.51
1493983380.0,33.8
1493983440.0,34.19
1493983500.0,34.21
1493983560.0,34.24
1493983620.0,33.43
1493983680.0,34.76
1493983740.0,34.75
1493983800.0,35.28
1493983860.0,34.49
1493983920.0,34.97
1493983980.0,34.13
1493984040.0,34.03
1493984100.0,33.69
1493984160.0,34.65
1493984220.0,33.73
1493984280.0,33.2
1493984340.0,35.23
1493984400.0,33.5
1493984460.0,34.81
1493984520.0,34.1
1493984580.0,34.82
1493984640.0,32.59
1493984700.0,33.15
1493984760.0,33.13
1493984820.0,34.39
1493984880.0,33.7
1493984940.0,34.34
1493985000.0,34.62
1493985060.0,36.56
1493985120.0,35.05
1493985180.0,34.36
1493985240.0,34.47
1493985300.0,34.88
1493985360.0,34.58
1493985420.0,34.16
1493985480.0,34.44
1493985540.0,33.9
1493985600.0,33.52
1493985660.0,33.53
1493985720.0,33.9
1493985780.0,32.73
1493985840.0,32.59
1493985900.0,34.16
1493985960.0,33.24
1493986020.0,33.81
1493986080.0,34.13
1493986140.0,33.67
1493986200.0,33.71
1493986260.0,33.79
1493986320.0,33.7
1493986380.0,32.86
1493986440.0,33.05
1493986500.0,35.18
1493986560.0,33.8
1493986620.0,33.6
1493986680.0,33.62
1493986740.0,34.35
1493986800.0,33.39
1493986860.0,33.86
1493986920.0,34.15
1493986980.0,33.85
1493987040.0,34.51
1493987100.0,33.75
1493987160.0,34.92
1493987220.0,34.49
1493987280.0,35.16
1493987340.0,35.43
1493987400.0,35.19
1493987460.0,34.14
1493987520.0,33.62
1493987580.0,34.41
1493987640.0,34.48
1493987700.0,33.55
1493987760.0,33.71
1493987820.0,35.03
1493987880.0,34.83
1493987940.0,35.25
1493988000.0,35.14
1493988060.0,34.69
1493988120.0,34.48
1493988180.0,34.02
1493988240.0,35.02
1493988300.0,33.61
1493988360.0,35.01
1493988420.0,34.39
1493988480.0,35.02
1493988540.0,34.83
1493988600.0,33.33
1493988660.0,34.48
1493988720.0,32.48
1493988780.0,34.25
1493988840.0,33.86
1493988900.0,35.03
1493988960.0,33.69
1493989020.0,34.85
1493989080.0,33.02
1493989140.0,33.29
1493989200.0,34.0
1493989260.0,34.23
1493989320.0,34.62
1493989380.0,34.49
1493989440.0,35.38
1493989500.0,34.12
1493989560.0,34.3
1493989620.0,34.05
1493989680.0,34.08
1493989740.0,33.05
1493989800.0,33.34
1493989860.0,33.74
1493989920.0,34.86
1493989980.0,34.2
1493990040.0,33.43
1493990100.0,34.42
1493990160.0,35.51
1493990220.0,34.76
1493990280.0,34.47
1493990340.0,35.69
1493990400.0,33.91
1493990460.0,33.9
1493990520.0,33.9
1493990580.0,34.48
1493990640.0,33.38
1493990700.0,34.16
1493990760.0,34.93
1493990820.0,33.27
1493990880.0,33.27
1493990940.0,33.59
1493991000.0,34.29
1493991060.0,32.93
1493991120.0,34.79
1493991180.0,34.19
1493991240.0,34.52
1493991300.0,33.35
1493991360.0,34.1
1493991420.0,33.88
1493991480.0,34.12
1493991540.0,34.4
1493991600.0,33.59
1493991660.0,33.9
1493991720.0,34.12
1493991780.0,34.87
1493991840.0,33.2
1493991900.0,34.71
1493991960.0,35.06
1493992020.0,34.4
1493992080.0,34.37
1493992140.0,35.11
1493992200.0,35.73
1493992260.0,33.47
1493992320.0,35.84
1493992380.0,34.56
1493992440.0,34.43
1493992500.0,34.39
1493992560.0,36.56
1493992620.0,33.87
1493992680.0,34.35
1493992740.0,34.06
1493992800.0,34.03
1493992860.0,34.73
1493992920.0,34.46
1493992980.0,35.44
1493993040.0,35.01
1493993100.0,33.53
1493993160.0,35.45
1493993220.0,33.26
1493993280.0,34.65
1493993340.0,35.21
1493993400.0,35.83
1493993460.0,33.53
1493993520.0,35.5
1493993580.0,34.44
1493993640.0,35.9
1493993700.0,34.0
1493993760.0,34.56
1493993820.0,33.7
1493993880.0,34.11
1493993940.0,32.93
1493994000.0,34.54
1493994060.0,33.31
1493994120.0,33.76
1493994180.0,34.67
1493994240.0,33.23
1493994300.0,34.51
1493994360.0,34.19
1493994420.0,35.03
1493994480.0,33.93
1493994540.0,33.9
1493994600.0,33.98
1493994660.0,34.15
1493994720.0,33.93
1493994780.0,35.2
1493994840.0,33.55
1493994900.0,34.56
1493994960.0,34.17
1493995020.0,34.48
1493995080.0,34.64
1493995140.0,34.07
1493995200.0,34.18
1493995260.0,35.09
1493995320.0,35.26
1493995380.0,34.89
1493995440.0,34.25
1493995500.0,34.82
1493995560.0,34.22
1493995620.0,35.34
1493995680.0,33.99
1493995740.0,34.73
1493995800.0,32.81
1493995860.0,33.48
1493995920.0,33.16
1493995980.0,33.6
1493996040.0,33.61
1493996100.0,33.33
1493996160.0,34.17
1493996220.0,33.82
1493996280.0,33.0
1493996340.0,33.59
1493996400.0,33.18
1493996460.0,32.62
1493996520.0,32.53
1493996580.0,33.45
1493996640.0,33.04
1493996700.0,32.95
1493996760.0,32.1
1493996820.0,33.0
1493996880.0,32.93
1493996940.0,32.58
1493997000.0,32.44
1493997060.0,32.56
1493997120.0,32.45
1493997180.0,32.23
1493997240.0,32.75
1493997300.0,32.9
1493997360.0,32.45
1493997420.0,33.22
1493997480.0,31.96
1493997540.0,33.17
1493997600.0,33.88
1493997660.0,32.18
1493997720.0,33.1
1493997780.0,32.43
1493997840.0,33.22
1493997900.0,33.02
1493997960.0,32.67
1493998020.0,32.69
1493998080.0,32.73
1493998140.0,33.4
1493998200.0,33.09
1493998260.0,32.59
1493998320.0,32.64
1493998380.0,32.62
1493998440.0,33.25
1493998500.0,32.07
1493998560.0,32.75
1493998620.0,32.41
1493998680.0,33.26
1493998740.0,33.71
1493998800.0,32.95
1493998860.0,31.36
1493998920.0,32.25
1493998980.0,33.42
1493999040.0,33.31
1493999100.0,34.44
1493999160.0,32.63
1493999220.0,33.83
1493999280.0,33.84
1493999340.0,34.4
1493999400.0,33.47
1493999460.0,34.2
1493999520.0,33.2
1493999580.0,33.0
1493999640.0,33.27
1493999700.0,33.49
1493999760.0,31.51
1493999820.0,32.75
1493999880.0,30.9
1493999940.0,32.61
1494000000.0,33.03
1494000060.0,33.21
1494000120.0,32.25
1494000180.0,30.51
1494000240.0,31.28
1494000300.0,31.3
1494000360.0,32.44
1494000420.0,31.83
1494000480.0,33.44
1494000540.0,29.43
1494000600.0,30.96
1494000660.0,31.88
1494000720.0,31.58
1494000780.0,31.67
1494000840.0,32.57
1494000900.0,32.56
1494000960.0,32.44
1494001020.0,31.84
1494001080.0,32.64
1494001140.0,31.49
1494001200.0,32.2
1494001260.0,32.12
1494001320.0,33.11
1494001380.0,31.65
1494001440.0,31.72
1494001500.0,31.58
1494001560.0,31.28
1494001620.0,32.25
1494001680.0,30.44
1494001740.0,32.46
1494001800.0,31.03
1494001860.0,31.68
1494001920.0,31.14
1494001980.0,31.94
1494002040.0,30.71
1494002100.0,30.88
1494002160.0,29.75
1494002220.0,30.99
1494002280.0,30.19
1494002340.0,29.26
1494002400.0,28.94
1494002460.0,29.27
1494002520.0,30.43
1494002580.0,29.91
1494002640.0,30.4
1494002700.0,31.66
1494002760.0,30.21
1494002820.0,30.25
1494002880.0,30.2
1494002940.0,30.22
1494003000.0,29.9
1494003060.0,31.11
1494003120.0,31.19
1494003180.0,31.84
1494003240.0,31.82
1494003300.0,30.24
1494003360.0,31.67
1494003420.0,29.63
1494003480.0,31.46
1494003540.0,30.21
1494003600.0,29.78
1494003660.0,30.13
1494003720.0,30.75
1494003780.0,31.71
1494003840.0,31.15
1494003900.0,29.52
1494003960.0,31.52
1494004020.0,30.52
1494004080.0,30.44
1494004140.0,29.84
1494004200.0,29.89
1494004260.0,29.39
1494004320.0,30.89
1494004380.0,30.08
1494004440.0,29.26
1494004500.0,31.56
1494004560.0,31.0
1494004620.0,31.18
1494004680.0,31.52
1494004740.0,29.93
1494004800.0,30.76
1494004860.0,29.79
1494004920.0,31.49
1494004980.0,30.49
1494005040.0,31.37
1494005100.0,30.44
1494005160.0,31.85
1494005220.0,29.25
1494005280.0,30.79
1494005340.0,31.32
1494005400.0,30.27
1494005460.0,29.4
1494005520.0,31.54
1494005580.0,29.76
1494005640.0,30.96
1494005700.0,30.43
1494005760.0,30.29
1494005820.0,30.43
1494005880.0,31.35
1494005940.0,30.12
1494006000.0,31.74
1494006060.0,31.79
1494006120.0,32.83
1494006180.0,30.53
1494006240.0,31.71
1494006300.0,31.05
1494006360.0,31.32
1494006420.0,30.81
1494006480.0,31.69
1494006540.0,30.38
1494006600.0,31.35
1494006660.0,29.38
1494006720.0,30.79
1494006780.0,29.32
1494006840.0,29.46
1494006900.0,31.25
1494006960.0,29.59
1494007020.0,30.61
1494007080.0,31.09
1494007140.0,29.84
1494007200.0,30.66
1494007260.0,30.12
1494007320.0,31.57
1494007380.0,30.54
1494007440.0,30.27
1494007500.0,31.28
1494007560.0,30.61
1494007620.0,29.96
1494007680.0,30.87
1494007740.0,29.82
1494007800.0,29.33
1494007860.0,31.16
1494007920.0,29.12
1494007980.0,31.34
1494008040.0,29.13
1494008100.0,30.16
1494008160.0,31.41
1494008220.0,31.27
1494008280.0,31.86
1494008340.0,32.38
1494008400.0,29.5
1494008460.0,31.5
1494008520.0,30.98
1494008580.0,32.12
1494008640.0,31.55
1494008700.0,31.71
1494008760.0,30.26
1494008820.0,32.12
1494008880.0,29.18
1494008940.0,30.66
1494009000.0,30.53
1494009060.0,31.2
1494009120.0,30.61
1494009180.0,30.61
1494009240.0,30.45
1494009300.0,31.6
1494009360.0,31.91
1494009420.0,30.55
1494009480.0,31.25
1494009540.0,31.89
1494009600.0,29.49
1494009660.0,29.0
1494009720.0,29.68
1494009780.0,27.22
1494009840.0,28.87
1494009900.0,30.13
1494009960.0,30.48
1494010020.0,28.2
1494010080.0,31.22
1494010140.0,29.32
1494010200.0,29.79
1494010260.0,29.96
1494010320.0,29.5
1494010380.0,29.93
1494010440.0,30.19
1494010500.0,31.57
1494010560.0,30.84
1494010620.0,30.2
1494010680.0,30.98
1494010740.0,31.73
1494010800.0,31.01
1494010860.0,32.44
1494010920.0,31.21
1494010980.0,31.17
1494011040.0,32.48
1494011100.0,31.17
1494011160.0,31.09
1494011220.0,29.7
1494011280.0,28.86
1494011340.0,32.32
1494011400.0,29.38
1494011460.0,31.25
1494011520.0,30.01
1494011580.0,30.88
1494011640.0,30.61
1494011700.0,30.97
1494011760.0,30.66
1494011820.0,32.82
1494011880.0,31.43
1494011940.0,31.89
1494012000.0,29.37
1494012060.0,30.66
1494012120.0,31.54
1494012180.0,32.83
1494012240.0,31.26
1494012300.0,33.5
1494012360.0,31.04
1494012420.0,31.31
1494012480.0,32.86
1494012540.0,30.56
1494012600.0,30.62
1494012660.0,30.93
1494012720.0,30.78
1494012780.0,31.51
1494012840.0,32.0
1494012900.0,30.36
1494012960.0,33.21
1494013020.0,30.7
1494013080.0,31.55
1494013140.0,33.33
1494013200.0,32.74
1494013260.0,32.0
1494013320.0,33.15
1494013380.0,31.69
1494013440.0,30.91
1494013500.0,32.41
1494013560.0,32.75
1494013620.0,31.85
1494013680.0,34.4
1494013740.0,32.67
1494013800.0,31.89
1494013860.0,33.98
1494013920.0,35.51
1494013980.0,30.62
1494014040.0,32.74
1494014100.0,30.97
1494014160.0,32.57
1494014220.0,31.59
1494014280.0,30.61
1494014340.0,32.13
1494014400.0,32.43
1494014460.0,33.74
1494014520.0,33.36
1494014580.0,31.89
1494014640.0,30.94
1494014700.0,31.2
1494014760.0,32.33
1494014820.0,29.33
1494014880.0,31.51
1494014940.0,31.6
1494015000.0,29.5
1494015060.0,29.79
1494015120.0,30.41
1494015180.0,31.4
1494015240.0,32.74
1494015300.0,32.08
1494015360.0,32.2
1494015420.0,31.3
1494015480.0,32.88
1494015540.0,32.55
1494015600.0,33.59
1494015660.0,31.36
1494015720.0,34.11
1494015780.0,31.8
1494015840.0,31.32
1494015900.0,32.41
1494015960.0,33.8
1494016020.0,31.71
1494016080.0,32.68
1494016140.0,32.56
1494016200.0,32.5
1494016260.0,32.93
1494016320.0,33.27
1494016380.0,31.42
1494016440.0,33.23
1494016500.0,29.35
1494016560.0,30.47
1494016620.0,30.64
1494016680.0,30.26
1494016740.0,31.42
1494016800.0,30.07
1494016860.0,30.95
1494016920.0,31.43
1494016980.0,30.82
1494017040.0,31.34
1494017100.0,32.02
1494017160.0,32.99
1494017220.0,32.25
1494017280.0,32.45
1494017340.0,33.06
1494017400.0,31.64
1494017460.0,29.97
1494017520.0,31.12
1494017580.0,27.94
1494017640.0,30.38
1494017700.0,29.75
1494017760.0,30.71
1494017820.0,32.21
1494017880.0,31.86
1494017940.0,33.76
1494018000.0,30.56
1494018060.0,31.5
1494018120.0,31.03
1494018180.0,29.83
1494018240.0,31.05
1494018300.0,30.51
1494018360.0,29.74
1494018420.0,31.12
1494018480.0,32.38
1494018540.0,31.95
1494018600.0,29.13
1494018660.0,27.35
1494018720.0,27.5
1494018780.0,31.31
1494018840.0,30.53
1494018900.0,30.08
1494018960.0,30.44
1494019020.0,32.19
1494019080.0,32.61
1494019140.0,31.63
1494019200.0,28.88
1494019260.0,30.91
1494019320.0,30.42
1494019380.0,30.42
1494019440.0,29.93
1494019500.0,30.27
1494019560.0,29.96
1494019620.0,31.01
1494019680.0,30.59
1494019740.0,29.55
1494019800.0,31.44
1494019860.0,31.04
1494019920.0,31.57
1494019980.0,30.56
1494020040.0,30.48
1494020100.0,31.59
1494020160.0,29.82
1494020220.0,30.93
1494020280.0,29.73
1494020340.0,29.99
1494020400.0,30.54
1494020460.0,31.37
1494020520.0,28.48
1494020580.0,30.51
1494020640.0,31.35
1494020700.0,30.03
1494020760.0,30.28
1494020820.0,30.17
1494020880.0,30.5
1494020940.0,29.71
1494021000.0,30.03
1494021060.0,30.23
1494021120.0,31.03
1494021180.0,28.3
1494021240.0,29.62
1494021300.0,29.73
1494021360.0,31.15
1494021420.0,29.51
1494021480.0,30.54
1494021540.0,30.36
1494021600.0,30.57
1494021660.0,31.14
1494021720.0,32.59
1494021780.0,30.78
1494021840.0,30.73
1494021900.0,30.4
1494021960.0,30.0
1494022020.0,31.18
1494022080.0,30.31
1494022140.0,30.5
1494022200.0,29.59
1494022260.0,29.68
1494022320.0,30.74
1494022380.0,30.61
1494022440.0,29.81
1494022500.0,31.46
1494022560.0,30.17
1494022620.0,30.39
1494022680.0,31.21
1494022740.0,30.76
1494022800.0,30.05
1494022860.0,31.85
1494022920.0,29.57
1494022980.0,30.28
1494023040.0,31.18
1494023100.0,31.23
1494023160.0,30.57
1494023220.0,32.02
1494023280.0,29.19
1494023340.0,30.37
1494023400.0,29.74
1494023460.0,30.93
1494023520.0,30.44
1494023580.0,31.03
1494023640.0,31.38
1494023700.0,30.49
1494023760.0,30.52
1494023820.0,32.44
1494023880.0,31.22
1494023940.0,31.73
1494024000.0,29.37
1494024060.0,31.22
1494024120.0,30.18
1494024180.0,29.68
1494024240.0,31.11
1494024300.0,30.17
1494024360.0,32.04
1494024420.0,32.13
1494024480.0,30.23
1494024540.0,29.9
1494024600.0,30.28
1494024660.0,30.36
1494024720.0,31.76
1494024780.0,31.83
1494024840.0,33.58
1494024900.0,31.26
1494024960.0,30.54
1494025020.0,30.82
1494025080.0,32.08
1494025140.0,31.52
1494025200.0,32.6
1494025260.0,31.81
1494025320.0,32.4
1494025380.0,32.47
1494025440.0,31.49
1494025500.0,31.64
1494025560.0,31.98
1494025620.0,32.36
1494025680.0,33.85
1494025740.0,32.83
1494025800.0,33.33
1494025860.0,31.83
1494025920.0,31.6
1494025980.0,31.31
1494026040.0,32.85
1494026100.0,31.01
1494026160.0,33.85
1494026220.0,34.19
1494026280.0,32.81
1494026340.0,33.52
1494026400.0,31.39
1494026460.0,32.52
1494026520.0,32.7
1494026580.0,33.34
1494026640.0,33.23
1494026700.0,32.13
1494026760.0,31.57
1494026820.0,32.08
1494026880.0,31.27
1494026940.0,34.14
1494027000.0,32.63
1494027060.0,34.59
1494027120.0,32.12
1494027180.0,32.45
1494027240.0,32.27
1494027300.0,31.38
1494027360.0,33.05
1494027420.0,33.18
1494027480.0,33.48
1494027540.0,32.41
1494027600.0,32.21
1494027660.0,30.67
1494027720.0,33.07
1494027780.0,33.04
1494027840.0,33.67
1494027900.0,32.91
1494027960.0,33.19
1494028020.0,31.2
1494028080.0,32.51
1494028140.0,31.9
1494028200.0,31.66
1494028260.0,31.59
1494028320.0,31.86
1494028380.0,31.21
1494028440.0,32.56
1494028500.0,34.52
1494028560.0,32.12
1494028620.0,33.78
1494028680.0,32.22
1494028740.0,32.79
1494028800.0,31.72
1494028860.0,33.7
1494028920.0,32.39
1494028980.0,34.07
1494029040.0,31.88
1494029100.0,31.25
1494029160.0,30.96
1494029220.0,32.59
1494029280.0,32.45
1494029340.0,33.11
1494029400.0,33.01
1494029460.0,31.83
1494029520.0,32.52
1494029580.0,33.39
1494029640.0,33.24
1494029700.0,33.3
1494029760.0,33.62
1494029820.0,33.03
1494029880.0,31.68
1494029940.0,33.73
1494030000.0,32.52
1494030060.0,33.38
1494030120.0,32.52
1494030180.0,30.63
1494030240.0,31.05
1494030300.0,33.49
1494030360.0,32.7
1494030420.0,31.78
1494030480.0,32.27
1494030540.0,30.94
1494030600.0,33.28
1494030660.0,32.03
1494030720.0,34.97
1494030780.0,32.39
1494030840.0,35.12
1494030900.0,32.6
1494030960.0,34.41
1494031020.0,33.5
1494031080.0,33.32
1494031140.0,32.87
1494031200.0,32.35
1494031260.0,33.92
1494031320.0,34.59
1494031380.0,33.41
1494031440.0,32.34
1494031500.0,33.29
1494031560.0,34.05
1494031620.0,34.58
1494031680.0,33.99
1494031740.0,32.97
1494031800.0,32.95
1494031860.0,35.29
1494031920.0,33.68
1494031980.0,33.34
1494032040.0,32.59
1494032100.0,33.94
1494032160.0,33.42
1494032220.0,33.97
1494032280.0,32.52
1494032340.0,33.33
1494032400.0,32.59
1494032460.0,35.16
1494032520.0,35.04
1494032580.0,34.29
1494032640.0,34.65
1494032700.0,35.86
1494032760.0,35.35
1494032820.0,35.56
1494032880.0,34.48
1494032940.0,33.24
1494033000.0,35.07
1494033060.0,33.49
1494033120.0,35.02
1494033180.0,33.9
1494033240.0,34.6
1494033300.0,34.33
1494033360.0,33.72
1494033420.0,33.71
1494033480.0,33.49
1494033540.0,33.91
1494033600.0,34.8
1494033660.0,34.63
1494033720.0,35.38
1494033780.0,34.32
1494033840.0,34.35
1494033900.0,36.06
1494033960.0,35.66
1494034020.0,35.47
1494034080.0,34.86
1494034140.0,36.21
1494034200.0,34.79
1494034260.0,35.33
1494034320.0,32.82
1494034380.0,34.65
1494034440.0,34.51
1494034500.0,33.71
1494034560.0,32.74
1494034620.0,34.0
1494034680.0,35.05
1494034740.0,35.12
1494034800.0,34.78
1494034860.0,33.56
1494034920.0,34.71
1494034980.0,33.85
1494035040.0,35.26
1494035100.0,33.96
1494035160.0,36.66
1494035220.0,35.54
1494035280.0,35.75
1494035340.0,35.35
1494035400.0,35.57
1494035460.0,35.19
1494035520.0,35.72
1494035580.0,33.32
1494035640.0,34.88
1494035700.0,34.49
1494035760.0,36.17
1494035820.0,34.06
1494035880.0,34.67
1494035940.0,35.03
1494036000.0,34.68
1494036060.0,33.8
1494036120.0,34.18
1494036180.0,34.32
1494036240.0,35.63
1494036300.0,32.98
1494036360.0,34.72
1494036420.0,33.8
1494036480.0,35.54
1494036540.0,35.52
1494036600.0,35.86
1494036660.0,35.54
1494036720.0,35.73
1494036780.0,37.46
1494036840.0,35.4
1494036900.0,36.31
1494036960.0,35.63
1494037020.0,35.68
1494037080.0,33.3
1494037140.0,36.08
1494037200.0,36.16
1494037260.0,36.48
1494037320.0,34.25
1494037380.0,34.35
1494037440.0,34.34
1494037500.0,34.34
1494037560.0,35.93
1494037620.0,32.76
1494037680.0,35.33
1494037740.0,34.61
1494037800.0,33.75
1494037860.0,34.52
1494037920.0,36.33
1494037980.0,36.86
1494038040.0,34.94
1494038100.0,36.57
1494038160.0,35.13
1494038220.0,35.97
1494038280.0,34.96
1494038340.0,33.83
1494038400.0,34.26
1494038460.0,34.32
1494038520.0,33.84
1494038580.0,32.87
1494038640.0,34.2
1494038700.0,35.44
1494038760.0,34.66
1494038820.0,33.66
1494038880.0,33.94
1494038940.0,34.53
1494039000.0,35.28
1494039060.0,34.84
1494039120.0,36.09
1494039180.0,35.81
1494039240.0,35.64
1494039300.0,35.74
1494039360.0,34.12
1494039420.0,35.82
1494039480.0,34.88
1494039540.0,34.86
1494039600.0,34.4
1494039660.0,35.05
1494039720.0,34.84
1494039780.0,33.45
1494039840.0,33.84
1494039900.0,34.84
1494039960.0,36.06
1494040020.0,34.28
1494040080.0,36.62
1494040140.0,35.25
1494040200.0,35.51
1494040260.0,35.46
1494040320.0,34.84
1494040380.0,36.56
1494040440.0,34.93
1494040500.0,36.05
1494040560.0,34.75
1494040620.0,35.87
1494040680.0,35.01
1494040740.0,35.41
1494040800.0,33.66
1494040860.0,34.31
1494040920.0,34.67
1494040980.0,34.67
1494041040.0,33.71
1494041100.0,33.71
1494041160.0,36.0
1494041220.0,34.92
1494041280.0,35.44
1494041340.0,34.44
1494041400.0,34.36
1494041460.0,36.01
1494041520.0,35.52
1494041580.0,34.77
1494041640.0,35.17
1494041700.0,35.51
1494041760.0,35.97
1494041820.0,35.51
1494041880.0,34.51
1494041940.0,35.52
1494042000.0,35.6
1494042060.0,34.88
1494042120.0,33.2
1494042180.0,35.04
1494042240.0,34.12
1494042300.0,35.37
1494042360.0,34.77
1494042420.0,33.95
1494042480.0,34.06
1494042540.0,34.98
1494042600.0,33.19
1494042660.0,33.41
1494042720.0,35.54
1494042780.0,33.76
1494042840.0,35.47
1494042900.0,33.35
1494042960.0,34.64
1494043020.0,33.06
1494043080.0,34.7
1494043140.0,33.49
1494043200.0,33.91
1494043260.0,33.56
1494043320.0,36.07
1494043380.0,34.47
1494043440.0,34.97
1494043500.0,34.61
1494043560.0,33.39
1494043620.0,35.1
1494043680.0,33.96
1494043740.0,33.26
1494043800.0,32.47
1494043860.0,33.84
1494043920.0,33.41
1494043980.0,33.0
1494044040.0,33.55
1494044100.0,33.72
1494044160.0,34.27
1494044220.0,34.01
1494044280.0,32.54
1494044340.0,33.59
1494044400.0,35.88
1494044460.0,35.53
1494044520.0,34.37
1494044580.0,34.78
1494044640.0,33.5
1494044700.0,34.59
1494044760.0,34.17
1494044820.0,34.27
1494044880.0,32.95
1494044940.0,35.86
1494045000.0,33.99
1494045060.0,33.76
1494045120.0,33.88
1494045180.0,33.78
1494045240.0,35.28
1494045300.0,34.29
1494045360.0,33.43
1494045420.0,33.88
1494045480.0,35.87
1494045540.0,34.48
1494045600.0,34.93
1494045660.0,35.23
1494045720.0,34.28
1494045780.0,35.34
1494045840.0,33.97
1494045900.0,34.45
1494045960.0,33.6
1494046020.0,34.65
1494046080.0,33.05
1494046140.0,33.86
1494046200.0,33.4
1494046260.0,34.46
1494046320.0,34.33
1494046380.0,33.35
1494046440.0,34.57
1494046500.0,34.13
1494046560.0,34.43
1494046620.0,33.47
1494046680.0,34.48
1494046740.0,35.0
1494046800.0,35.27
1494046860.0,34.23
1494046920.0,34.32
1494046980.0,35.69
1494047040.0,35.32
1494047100.0,35.31
1494047160.0,35.41
1494047220.0,34.98
1494047280.0,35.0
1494047340.0,35.02
1494047400.0,34.15
1494047460.0,34.43
1494047520.0,35.29
1494047580.0,34.21
1494047640.0,34.86
1494047700.0,35.14
1494047760.0,35.51
1494047820.0,34.43
1494047880.0,36.68
1494047940.0,35.03
1494048000.0,34.68
1494048060.0,36.08
1494048120.0,34.99
1494048180.0,35.44
1494048240.0,33.41
1494048300.0,35.06
1494048360.0,33.6
1494048420.0,35.24
1494048480.0,33.06
1494048540.0,36.38
1494048600.0,33.96
1494048660.0,34.72
1494048720.0,34.76
1494048780.0,35.85
1494048840.0,35.31
1494048900.0,34.86
1494048960.0,35.26
1494049020.0,34.33
1494049080.0,35.02
1494049140.0,33.79
1494049200.0,33.79
1494049260.0,35.31
1494049320.0,34.53
1494049380.0,34.26
1494049440.0,33.12
1494049500.0,33.32
1494049560.0,34.69
1494049620.0,35.71
1494049680.0,34.68
1494049740.0,35.25
1494049800.0,34.86
1494049860.0,35.59
1494049920.0,34.6
1494049980.0,34.73
1494050040.0,35.03
1494050100.0,35.28
1494050160.0,35.41
1494050220.0,34.36
1494050280.0,35.09
1494050340.0,35.01
1494050400.0,35.72
1494050460.0,33.9
1494050520.0,34.78
1494050580.0,34.34
1494050640.0,34.69
1494050700.0,35.59
1494050760.0,34.17
1494050820.0,35.21
1494050880.0,34.14
1494050940.0,36.22
1494051000.0,33.62
1494051060.0,35.47
1494051120.0,35.78
1494051180.0,34.81
1494051240.0,33.75
1494051300.0,35.14
1494051360.0,34.38
1494051420.0,35.16
1494051480.0,34.72
1494051540.0,34.49
1494051600.0,34.72
1494051660.0,35.35
1494051720.0,35.36
1494051780.0,34.43
1494051840.0,33.87
1494051900.0,35.86
1494051960.0,34.27
1494052020.0,34.3
1494052080.0,33.53
1494052140.0,36.48
1494052200.0,34.33
1494052260.0,33.71
1494052320.0,34.29
1494052380.0,35.17
1494052440.0,35.6
1494052500.0,34.17
1494052560.0,34.64
1494052620.0,34.55
1494052680.0,35.56
1494052740.0,35.28
1494052800.0,34.34
1494052860.0,33.68
1494052920.0,34.9
1494052980.0,35.27
1494053040.0,34.96
1494053100.0,34.14
1494053160.0,35.62
1494053220.0,36.07
1494053280.0,35.35
1494053340.0,35.33
1494053400.0,34.51
1494053460.0,36.46
1494053520.0,35.72
1494053580.0,34.63
1494053640.0,35.39
1494053700.0,34.06
1494053760.0,36.21
1494053820.0,33.49
1494053880.0,34.32
1494053940.0,36.41
1494054000.0,34.87
1494054060.0,34.47
1494054120.0,36.4
1494054180.0,36.63
1494054240.0,35.09
1494054300.0,35.5
1494054360.0,33.96
1494054420.0,36.07
1494054480.0,35.73
1494054540.0,36.6
1494054600.0,34.95
1494054660.0,33.96
1494054720.0,34.8
1494054780.0,35.24
1494054840.0,35.12
1494054900.0,36.04
1494054960.0,36.81
1494055020.0,36.86
1494055080.0,35.74
1494055140.0,34.52
1494055200.0,36.44
1494055260.0,36.75
1494055320.0,36.22
1494055380.0,35.29
1494055440.0,36.57
1494055500.0,36.36
1494055560.0,34.14
1494055620.0,34.41
1494055680.0,34.82
1494055740.0,35.4
1494055800.0,34.43
1494055860.0,36.02
1494055920.0,35.54
1494055980.0,37.35
1494056040.0,36.6
1494056100.0,35.84
1494056160.0,35.59
1494056220.0,36.5
1494056280.0,36.15
1494056340.0,33.25
1494056400.0,33.88
1494056460.0,34.95
1494056520.0,35.52
1494056580.0,34.9
1494056640.0,34.88
1494056700.0,34.58
1494056760.0,35.4
1494056820.0,35.74
1494056880.0,35.66
1494056940.0,35.99
1494057000.0,35.06
1494057060.0,36.04
1494057120.0,33.74
1494057180.0,34.57
1494057240.0,35.28
1494057300.0,35.21
1494057360.0,35.37
1494057420.0,33.94
1494057480.0,36.24
1494057540.0,34.46
1494057600.0,35.42
1494057660.0,34.59
1494057720.0,35.39
1494057780.0,34.85
1494057840.0,35.57
1494057900.0,34.74
1494057960.0,35.22
1494058020.0,35.92
1494058080.0,34.12
1494058140.0,33.71
1494058200.0,35.16
1494058260.0,35.18
1494058320.0,34.89
1494058380.0,34.92
1494058440.0,34.25
1494058500.0,36.99
1494058560.0,35.73
1494058620.0,35.77
1494058680.0,36.07
1494058740.0,36.7
1494058800.0,37.55
1494058860.0,35.19
1494058920.0,35.15
1494058980.0,34.67
1494059040.0,35.25
1494059100.0,33.83
1494059160.0,34.75
1494059220.0,34.71
1494059280.0,35.88
1494059340.0,33.84
1494059400.0,34.31
1494059460.0,35.65
1494059520.0,37.25
1494059580.0,36.5
1494059640.0,35.58
1494059700.0,36.33
1494059760.0,35.79
1494059820.0,35.86
1494059880.0,33.87
1494059940.0,35.43
1494060000.0,34.61
1494060060.0,35.23
1494060120.0,34.05
1494060180.0,35.99
1494060240.0,34.94
1494060300.0,36.2
1494060360.0,34.77
1494060420.0,35.24
1494060480.0,35.37
1494060540.0,35.94
1494060600.0,35.88
1494060660.0,34.2
1494060720.0,34.95
1494060780.0,35.85
1494060840.0,35.05
1494060900.0,35.07
1494060960.0,34.83
1494061020.0,35.91
1494061080.0,34.76
1494061140.0,35.87
1494061200.0,34.13
1494061260.0,37.58
1494061320.0,34.43
1494061380.0,35.33
1494061440.0,33.91
1494061500.0,34.92
1494061560.0,35.09
1494061620.0,35.24
1494061680.0,35.47
1494061740.0,33.88
1494061800.0,36.51
1494061860.0,35.15
1494061920.0,35.33
1494061980.0,35.32
1494062040.0,34.47
1494062100.0,36.07
1494062160.0,34.2
1494062220.0,34.87
1494062280.0,34.6
1494062340.0,36.74
1494062400.0,35.69
1494062460.0,35.16
1494062520.0,35.77
1494062580.0,36.7
1494062640.0,36.47
1494062700.0,35.18
1494062760.0,35.28
1494062820.0,34.54
1494062880.0,35.86
1494062940.0,34.49
1494063000.0,35.8
1494063060.0,34.52
1494063120.0,36.01
1494063180.0,35.92
1494063240.0,35.44
1494063300.0,34.54
1494063360.0,35.53
1494063420.0,36.12
1494063480.0,34.71
1494063540.0,34.55
1494063600.0,34.27
1494063660.0,35.95
1494063720.0,35.12
1494063780.0,34.88
1494063840.0,36.16
1494063900.0,36.63
1494063960.0,36.71
1494064020.0,34.34
1494064080.0,36.89
1494064140.0,34.42
1494064200.0,35.88
1494064260.0,35.88
1494064320.0,33.73
1494064380.0,36.09
1494064440.0,34.51
1494064500.0,34.41
1494064560.0,34.09
1494064620.0,34.8
1494064680.0,34.92
1494064740.0,36.17
1494064800.0,35.72
1494064860.0,34.48
1494064920.0,35.35
1494064980.0,35.8
1494065040.0,35.86
1494065100.0,35.15
1494065160.0,36.64
1494065220.0,37.14
1494065280.0,34.71
1494065340.0,33.48
1494065400.0,34.98
1494065460.0,34.57
1494065520.0,34.64
1494065580.0,34.43
1494065640.0,33.94
1494065700.0,35.5
1494065760.0,35.0
1494065820.0,36.18
1494065880.0,34.04
1494065940.0,35.53
1494066000.0,35.58
1494066060.0,35.32
1494066120.0,35.12
1494066180.0,33.91
1494066240.0,35.35
1494066300.0,36.06
1494066360.0,36.37
1494066420.0,35.17
1494066480.0,35.58
1494066540.0,35.09
1494066600.0,35.94
1494066660.0,35.04
1494066720.0,35.77
1494066780.0,33.54
1494066840.0,36.61
1494066900.0,34.84
1494066960.0,34.25
1494067020.0,33.93
1494067080.0,34.89
1494067140.0,35.49
1494067200.0,33.95
1494067260.0,35.55
1494067320.0,36.31
1494067380.0,36.45
1494067440.0,34.88
1494067500.0,35.22
1494067560.0,36.51
1494067620.0,35.82
1494067680.0,36.65
1494067740.0,34.63
1494067800.0,35.51
1494067860.0,33.68
1494067920.0,36.4
1494067980.0,34.84
1494068040.0,35.17
1494068100.0,34.89
1494068160.0,35.26
1494068220.0,36.52
1494068280.0,34.12
1494068340.0,35.61
1494068400.0,33.86
1494068460.0,36.13
1494068520.0,34.45
1494068580.0,34.96
1494068640.0,35.07
1494068700.0,34.8
1494068760.0,35.7
1494068820.0,34.76
1494068880.0,35.64
1494068940.0,34.58
1494069000.0,36.06
1494069060.0,34.79
1494069120.0,35.09
1494069180.0,35.43
1494069240.0,34.71
1494069300.0,35.97
1494069360.0,34.86
1494069420.0,35.31
1494069480.0,34.76
1494069540.0,36.74
1494069600.0,34.69
1494069660.0,35.1
1494069720.0,36.29
1494069780.0,36.0
1494069840.0,36.6
1494069900.0,35.12
1494069960.0,36.35
1494070020.0,35.46
1494070080.0,35.88
1494070140.0,34.02
1494070200.0,34.83
1494070260.0,35.35
1494070320.0,36.0
1494070380.0,35.39
1494070440.0,34.96
1494070500.0,37.05
1494070560.0,35.58
1494070620.0,36.22
1494070680.0,34.43
1494070740.0,35.71
1494070800.0,35.71
1494070860.0,35.9
1494070920.0,33.73
1494070980.0,34.42
1494071040.0,34.67
1494071100.0,34.53
1494071160.0,34.89
1494071220.0,34.51
1494071280.0,36.3
1494071340.0,36.57
1494071400.0,35.39
1494071460.0,36.53
1494071520.0,37.24
1494071580.0,36.91
1494071640.0,35.66
1494071700.0,37.12
1494071760.0,35.7
1494071820.0,37.27
1494071880.0,35.94
1494071940.0,35.46
1494072000.0,35.69
1494072060.0,34.96
1494072120.0,35.36
1494072180.0,35.29
1494072240.0,35.16
1494072300.0,34.71
1494072360.0,35.15
1494072420.0,34.28
1494072480.0,34.92
1494072540.0,35.3
1494072600.0,37.01
1494072660.0,34.0
1494072720.0,35.1
1494072780.0,36.5
1494072840.0,35.01
1494072900.0,35.85
1494072960.0,36.3
1494073020.0,36.74
1494073080.0,36.47
1494073140.0,36.06
1494073200.0,35.99
1494073260.0,35.37
1494073320.0,36.45
1494073380.0,36.46
1494073440.0,36.31
1494073500.0,35.6
1494073560.0,36.37
1494073620.0,33.94
1494073680.0,35.52
1494073740.0,36.28
1494073800.0,35.7
1494073860.0,36.18
1494073920.0,36.27
1494073980.0,37.47
1494074040.0,36.23
1494074100.0,36.66
1494074160.0,36.69
1494074220.0,37.35
1494074280.0,36.43
1494074340.0,36.57
1494074400.0,34.43
1494074460.0,35.31
1494074520.0,34.42
1494074580.0,35.28
1494074640.0,36.02
1494074700.0,37.03
1494074760.0,36.56
1494074820.0,35.58
1494074880.0,36.62
1494074940.0,35.84
1494075000.0,35.54
1494075060.0,34.72
1494075120.0,38.91
1494075180.0,34.39
1494075240.0,38.71
1494075300.0,36.1
1494075360.0,36.18
1494075420.0,37.27
1494075480.0,36.46
1494075540.0,36.51
1494075600.0,35.31
1494075660.0,36.98
1494075720.0,33.74
1494075780.0,36.12
1494075840.0,36.75
1494075900.0,35.42
1494075960.0,35.58
1494076020.0,35.26
1494076080.0,38.72
1494076140.0,36.19
1494076200.0,35.9
1494076260.0,36.64
1494076320.0,36.36
1494076380.0,36.77
1494076440.0,37.56
1494076500.0,38.88
1494076560.0,36.76
1494076620.0,37.4
1494076680.0,37.14
1494076740.0,37.96
1494076800.0,34.89
1494076860.0,36.27
1494076920.0,35.53
1494076980.0,34.76
1494077040.0,35.64
1494077100.0,36.33
1494077160.0,38.05
1494077220.0,35.34
1494077280.0,38.07
1494077340.0,35.66
1494077400.0,37.64
1494077460.0,36.25
1494077520.0,35.05
1494077580.0,36.91
1494077640.0,35.96
1494077700.0,35.98
1494077760.0,34.6
1494077820.0,36.71
1494077880.0,35.53
1494077940.0,35.1
1494078000.0,36.46
1494078060.0,36.16
1494078120.0,35.87
1494078180.0,35.87
1494078240.0,35.71
1494078300.0,35.77
1494078360.0,35.7
1494078420.0,37.09
1494078480.0,35.17
1494078540.0,35.38
1494078600.0,35.19
1494078660.0,37.84
1494078720.0,35.47
1494078780.0,35.73
1494078840.0,37.1
1494078900.0,36.6
1494078960.0,36.12
1494079020.0,34.69
1494079080.0,36.07
1494079140.0,35.94
1494079200.0,36.94
1494079260.0,34.46
1494079320.0,37.28
1494079380.0,36.28
1494079440.0,35.6
1494079500.0,37.56
1494079560.0,35.12
1494079620.0,37.87
1494079680.0,36.95
1494079740.0,36.63
1494079800.0,38.69
1494079860.0,35.85
1494079920.0,37.23
1494079980.0,35.11
1494080040.0,37.16
1494080100.0,34.68
1494080160.0,35.68
1494080220.0,36.59
1494080280.0,34.27
1494080340.0,35.72
1494080400.0,37.12
1494080460.0,36.77
1494080520.0,36.69
1494080580.0,35.46
1494080640.0,36.34
1494080700.0,35.12
1494080760.0,35.06
1494080820.0,34.69
1494080880.0,37.77
1494080940.0,35.73
1494081000.0,36.85
1494081060.0,36.17
1494081120.0,35.17
1494081180.0,36.12
1494081240.0,34.34
1494081300.0,35.36
1494081360.0,36.15
1494081420.0,34.41
1494081480.0,34.41
1494081540.0,35.9
1494081600.0,35.79
1494081660.0,34.47
1494081720.0,36.38
1494081780.0,35.54
1494081840.0,38.23
1494081900.0,35.43
1494081960.0,36.5
1494082020.0,35.8
1494082080.0,35.7
1494082140.0,36.3
1494082200.0,34.96
1494082260.0,35.22
1494082320.0,36.42
1494082380.0,33.81
1494082440.0,34.56
1494082500.0,35.08
1494082560.0,36.13
1494082620.0,37.21
1494082680.0,35.44
1494082740.0,35.03
1494082800.0,34.78
1494082860.0,35.08
1494082920.0,34.26
1494082980.0,35.5
1494083040.0,33.99
1494083100.0,36.25
1494083160.0,33.24
1494083220.0,34.67
1494083280.0,35.05
1494083340.0,35.29
1494083400.0,34.36
1494083460.0,34.4
1494083520.0,34.83
1494083580.0,34.91
1494083640.0,36.13
1494083700.0,34.43
1494083760.0,35.89
1494083820.0,34.28
1494083880.0,34.22
1494083940.0,35.88
1494084000.0,33.62
1494084060.0,34.68
1494084120.0,33.42
1494084180.0,35.82
1494084240.0,32.93
1494084300.0,33.4
1494084360.0,33.82
1494084420.0,33.87
1494084480.0,34.33
1494084540.0,34.03
1494084600.0,33.98
1494084660.0,33.76
1494084720.0,36.29
1494084780.0,33.85
1494084840.0,35.77
1494084900.0,34.56
1494084960.0,34.44
1494085020.0,34.74
1494085080.0,35.91
1494085140.0,35.2
1494085200.0,34.17
1494085260.0,33.22
1494085320.0,33.63
1494085380.0,34.79
1494085440.0,33.96
1494085500.0,34.8
1494085560.0,33.11
1494085620.0,33.79
1494085680.0,33.09
1494085740.0,35.67
1494085800.0,32.9
1494085860.0,34.0
1494085920.0,32.64
1494085980.0,33.97
1494086040.0,34.69
1494086100.0,33.25
1494086160.0,34.16
1494086220.0,33.91
1494086280.0,33.62
1494086340.0,33.33
1494086400.0,34.07
1494086460.0,32.58
1494086520.0,34.6
1494086580.0,34.87
1494086640.0,33.79
1494086700.0,31.78
1494086760.0,32.45
1494086820.0,32.21
1494086880.0,33.59
1494086940.0,33.97
1494087000.0,33.0
1494087060.0,32.56
1494087120.0,31.86
1494087180.0,30.98
1494087240.0,32.28
1494087300.0,32.36
1494087360.0,32.75
1494087420.0,32.07
1494087480.0,32.44
1494087540.0,32.44
1494087600.0,32.47
1494087660.0,32.29
1494087720.0,31.82
1494087780.0,34.03
1494087840.0,32.72
1494087900.0,33.16
1494087960.0,31.65
1494088020.0,31.67
1494088080.0,30.3
1494088140.0,31.87
1494088200.0,31.48
1494088260.0,33.11
1494088320.0,33.81
1494088380.0,32.76
1494088440.0,30.8
1494088500.0,30.78
1494088560.0,31.03
1494088620.0,30.61
1494088680.0,31.03
1494088740.0,32.65
1494088800.0,31.87
1494088860.0,30.99
1494088920.0,31.72
1494088980.0,30.71
1494089040.0,31.67
1494089100.0,31.69
1494089160.0,32.38
1494089220.0,31.9
1494089280.0,32.17
1494089340.0,32.02
1494089400.0,32.01
1494089460.0,31.48
1494089520.0,30.61
1494089580.0,30.09
1494089640.0,31.14
1494089700.0,31.04
1494089760.0,31.46
1494089820.0,29.56
1494089880.0,32.93
1494089940.0,30.43
1494090000.0,31.6
1494090060.0,30.12
1494090120.0,31.67
1494090180.0,31.52
1494090240.0,29.79
1494090300.0,29.79
1494090360.0,29.96
1494090420.0,31.05
1494090480.0,30.73
1494090540.0,32.64
1494090600.0,29.76
1494090660.0,31.49
1494090720.0,30.69
1494090780.0,32.65
1494090840.0,30.17
1494090900.0,29.56
1494090960.0,30.0
1494091020.0,31.06
1494091080.0,30.6
1494091140.0,31.3
1494091200.0,30.63
1494091260.0,32.22
1494091320.0,31.81
1494091380.0,32.67
1494091440.0,30.39
1494091500.0,32.62
1494091560.0,29.79
1494091620.0,31.64
1494091680.0,30.73
1494091740.0,31.37
1494091800.0,29.76
1494091860.0,31.94
1494091920.0,30.9
1494091980.0,32.95
1494092040.0,30.24
1494092100.0,32.41
1494092160.0,30.71
1494092220.0,33.85
1494092280.0,29.1
1494092340.0,31.15
1494092400.0,31.22
1494092460.0,30.68
1494092520.0,30.85
1494092580.0,30.12
1494092640.0,31.38
1494092700.0,31.5
1494092760.0,30.99
1494092820.0,31.5
1494092880.0,33.14
1494092940.0,33.22
1494093000.0,31.18
1494093060.0,31.38
1494093120.0,31.89
1494093180.0,31.26
1494093240.0,33.28
1494093300.0,32.33
1494093360.0,32.07
1494093420.0,30.33
1494093480.0,30.89
1494093540.0,30.31
1494093600.0,31.08
1494093660.0,30.98
1494093720.0,31.16
1494093780.0,29.52
1494093840.0,30.3
1494093900.0,32.04
1494093960.0,31.07
1494094020.0,30.95
1494094080.0,31.95
1494094140.0,30.83
1494094200.0,31.16
1494094260.0,30.71
1494094320.0,31.9
1494094380.0,29.07
1494094440.0,31.63
1494094500.0,31.05
1494094560.0,31.65
1494094620.0,29.92
1494094680.0,30.97
1494094740.0,28.98
1494094800.0,28.71
1494094860.0,31.53
1494094920.0,30.8
1494094980.0,32.37
1494095040.0,30.98
1494095100.0,30.79
1494095160.0,29.25
1494095220.0,32.87
1494095280.0,29.83
1494095340.0,30.46
1494095400.0,29.71
1494095460.0,32.11
1494095520.0,32.2
1494095580.0,31.29
1494095640.0,30.64
1494095700.0,29.41
1494095760.0,29.63
1494095820.0,29.93
1494095880.0,29.15
1494095940.0,30.85
1494096000.0,29.62
1494096060.0,31.25
1494096120.0,28.66
1494096180.0,28.32
1494096240.0,30.86
1494096300.0,31.43
1494096360.0,31.25
1494096420.0,30.62
1494096480.0,30.68
1494096540.0,30.94
1494096600.0,31.58
1494096660.0,29.53
1494096720.0,30.26
1494096780.0,31.4
1494096840.0,29.65
1494096900.0,30.24
1494096960.0,29.27
1494097020.0,30.33
1494097080.0,28.34
1494097140.0,31.26
1494097200.0,29.24
1494097260.0,30.63
1494097320.0,30.39
1494097380.0,30.46
1494097440.0,31.8
1494097500.0,30.31
1494097560.0,29.33
1494097620.0,30.36
1494097680.0,30.01
1494097740.0,31.17
1494097800.0,29.44
1494097860.0,30.72
1494097920.0,31.55
1494097980.0,30.25
1494098040.0,32.47
1494098100.0,30.29
1494098160.0,31.41
1494098220.0,30.04
1494098280.0,31.64
1494098340.0,31.02
1494098400.0,32.51
1494098460.0,33.3
1494098520.0,31.46
1494098580.0,30.63
1494098640.0,30.5
1494098700.0,31.07
1494098760.0,30.37
1494098820.0,28.74
1494098880.0,31.41
1494098940.0,31.36
1494099000.0,29.83
1494099060.0,30.27
1494099120.0,32.5
1494099180.0,30.94
1494099240.0,30.11
1494099300.0,28.94
1494099360.0,32.51
1494099420.0,30.48
1494099480.0,33.62
1494099540.0,33.51
1494099600.0,31.28
1494099660.0,32.88
1494099720.0,34.14
1494099780.0,29.94
1494099840.0,32.9
1494099900.0,30.18
1494099960.0,30.74
1494100020.0,31.8
1494100080.0,30.62
1494100140.0,30.07
1494100200.0,30.9
1494100260.0,31.41
1494100320.0,32.84
1494100380.0,30.54
1494100440.0,32.25
1494100500.0,30.82
1494100560.0,32.55
1494100620.0,31.34
1494100680.0,31.02
1494100740.0,30.46
1494100800.0,30.08
1494100860.0,31.41
1494100920.0,31.55
1494100980.0,30.33
1494101040.0,28.31
1494101100.0,31.33
1494101160.0,28.3
1494101220.0,29.98
1494101280.0,31.46
1494101340.0,29.73
1494101400.0,29.04
1494101460.0,29.9
1494101520.0,29.24
1494101580.0,29.67
1494101640.0,31.32
1494101700.0,30.05
1494101760.0,30.11
1494101820.0,30.92
1494101880.0,29.82
1494101940.0,32.09
1494102000.0,30.82
1494102060.0,29.62
1494102120.0,30.25
1494102180.0,30.11
1494102240.0,31.15
1494102300.0,27.41
1494102360.0,30.69
1494102420.0,29.9
1494102480.0,30.69
1494102540.0,29.99
1494102600.0,31.45
1494102660.0,32.92
1494102720.0,30.56
1494102780.0,30.31
1494102840.0,30.36
1494102900.0,29.7
1494102960.0,29.03
1494103020.0,32.32
1494103080.0,29.53
1494103140.0,29.69
1494103200.0,28.26
1494103260.0,30.47
1494103320.0,29.43
1494103380.0,30.07
1494103440.0,29.91
1494103500.0,30.18
1494103560.0,28.71
1494103620.0,30.1
1494103680.0,30.36
1494103740.0,30.99
1494103800.0,30.09
1494103860.0,29.89
1494103920.0,29.46
1494103980.0,32.87
1494104040.0,30.81
1494104100.0,29.96
1494104160.0,29.49
1494104220.0,29.06
1494104280.0,27.01
1494104340.0,28.13
1494104400.0,29.27
1494104460.0,30.42
1494104520.0,30.09
1494104580.0,29.81
1494104640.0,28.83
1494104700.0,29.21
1494104760.0,29.38
1494104820.0,30.93
1494104880.0,28.43
1494104940.0,29.65
1494105000.0,28.97
1494105060.0,28.46
1494105120.0,29.44
1494105180.0,30.07
1494105240.0,29.25
1494105300.0,31.26
1494105360.0,29.22
1494105420.0,31.88
1494105480.0,29.53
1494105540.0,27.74
1494105600.0,27.52
1494105660.0,31.41
1494105720.0,29.4
1494105780.0,31.74
1494105840.0,29.22
1494105900.0,30.46
1494105960.0,29.27
1494106020.0,31.31
1494106080.0,30.99
1494106140.0,30.6
1494106200.0,30.15
1494106260.0,30.17
1494106320.0,30.47
1494106380.0,31.21
1494106440.0,30.15
1494106500.0,29.27
1494106560.0,30.37
1494106620.0,30.97
1494106680.0,30.35
1494106740.0,31.29
1494106800.0,31.32
1494106860.0,30.96
1494106920.0,31.77
1494106980.0,29.31
1494107040.0,31.27
1494107100.0,31.24
1494107160.0,31.12
1494107220.0,30.03
1494107280.0,31.08
1494107340.0,29.62
1494107400.0,30.78
1494107460.0,30.69
1494107520.0,31.39
1494107580.0,31.18
1494107640.0,30.1
1494107700.0,29.95
1494107760.0,30.87
1494107820.0,30.17
1494107880.0,31.66
1494107940.0,31.36
1494108000.0,31.99
1494108060.0,31.87
1494108120.0,32.7
1494108180.0,30.34
1494108240.0,29.94
1494108300.0,28.77
1494108360.0,30.09
1494108420.0,29.17
1494108480.0,30.72
1494108540.0,29.78
1494108600.0,28.56
1494108660.0,31.86
1494108720.0,30.99
1494108780.0,30.63
1494108840.0,31.02
1494108900.0,31.75
1494108960.0,30.8
1494109020.0,33.71
1494109080.0,32.14
1494109140.0,31.24
1494109200.0,31.89
1494109260.0,30.59
1494109320.0,30.4
1494109380.0,31.16
1494109440.0,31.19
1494109500.0,31.95
1494109560.0,32.05
1494109620.0,32.45
1494109680.0,32.56
1494109740.0,32.91
1494109800.0,31.84
1494109860.0,31.17
1494109920.0,32.14
1494109980.0,32.55
1494110040.0,31.36
1494110100.0,32.26
1494110160.0,31.32
1494110220.0,33.61
1494110280.0,32.13
1494110340.0,32.56
1494110400.0,31.6
1494110460.0,32.36
1494110520.0,32.75
1494110580.0,32.76
1494110640.0,30.66
1494110700.0,32.31
1494110760.0,33.15
1494110820.0,34.38
1494110880.0,32.14
1494110940.0,33.8
1494111000.0,33.22
1494111060.0,33.86
1494111120.0,31.92
1494111180.0,32.26
1494111240.0,31.05
1494111300.0,31.7
1494111360.0,31.04
1494111420.0,31.87
1494111480.0,32.29
1494111540.0,33.08
1494111600.0,32.18
1494111660.0,32.24
1494111720.0,31.03
1494111780.0,32.3
1494111840.0,30.87
1494111900.0,32.96
1494111960.0,32.27
1494112020.0,34.28
1494112080.0,32.68
1494112140.0,30.87
1494112200.0,31.7
1494112260.0,31.47
1494112320.0,31.01
1494112380.0,32.86
1494112440.0,31.9
1494112500.0,32.1
1494112560.0,32.36
1494112620.0,32.77
1494112680.0,31.74
1494112740.0,30.66
1494112800.0,31.51
1494112860.0,33.06
1494112920.0,32.55
1494112980.0,33.14
1494113040.0,33.31
1494113100.0,33.21
1494113160.0,31.63
1494113220.0,32.41
1494113280.0,32.08
1494113340.0,33.22
1494113400.0,34.0
1494113460.0,34.79
1494113520.0,34.72
1494113580.0,34.16
1494113640.0,31.57
1494113700.0,32.97
1494113760.0,33.09
1494113820.0,33.94
1494113880.0,33.07
1494113940.0,34.01
1494114000.0,33.6
1494114060.0,33.62
1494114120.0,32.96
1494114180.0,32.71
1494114240.0,32.92
1494114300.0,33.8
1494114360.0,34.29
1494114420.0,32.97
1494114480.0,33.23
1494114540.0,32.0
1494114600.0,32.44
1494114660.0,33.03
1494114720.0,35.36
1494114780.0,34.69
1494114840.0,33.89
1494114900.0,32.76
1494114960.0,33.24
1494115020.0,34.46
1494115080.0,34.05
1494115140.0,34.05
1494115200.0,34.82
1494115260.0,34.86
1494115320.0,35.64
1494115380.0,33.15
1494115440.0,34.8
1494115500.0,34.35
1494115560.0,35.39
1494115620.0,34.78
1494115680.0,34.84
1494115740.0,34.31
1494115800.0,34.14
1494115860.0,37.74
1494115920.0,35.01
1494115980.0,35.75
1494116040.0,34.55
1494116100.0,35.01
1494116160.0,34.96
1494116220.0,36.23
1494116280.0,34.23
1494116340.0,34.42
1494116400.0,34.12
1494116460.0,33.68
1494116520.0,33.38
1494116580.0,34.01
1494116640.0,35.07
1494116700.0,34.73
1494116760.0,35.61
1494116820.0,32.74
1494116880.0,33.12
1494116940.0,34.26
1494117000.0,36.17
1494117060.0,35.73
1494117120.0,36.22
1494117180.0,34.91
1494117240.0,34.95
1494117300.0,34.55
1494117360.0,35.49
1494117420.0,36.04
1494117480.0,33.89
1494117540.0,34.12
1494117600.0,33.32
1494117660.0,34.66
1494117720.0,34.58
1494117780.0,34.31
1494117840.0,34.42
1494117900.0,35.3
1494117960.0,36.46
1494118020.0,35.35
1494118080.0,35.7
1494118140.0,35.16
1494118200.0,33.38
1494118260.0,37.54
1494118320.0,36.52
1494118380.0,35.99
1494118440.0,34.84
1494118500.0,34.52
1494118560.0,33.73
1494118620.0,35.66
1494118680.0,36.41
1494118740.0,35.31
1494118800.0,35.49
1494118860.0,34.92
1494118920.0,34.9
1494118980.0,35.17
1494119040.0,36.5
1494119100.0,35.09
1494119160.0,36.28
1494119220.0,34.73
1494119280.0,36.53
1494119340.0,36.74
1494119400.0,35.17
1494119460.0,36.49
1494119520.0,35.35
1494119580.0,36.8
1494119640.0,34.88
1494119700.0,36.8
1494119760.0,35.94
1494119820.0,35.25
1494119880.0,35.93
1494119940.0,35.78
1494120000.0,35.95
1494120060.0,35.06
1494120120.0,36.48
1494120180.0,35.54
1494120240.0,35.61
1494120300.0,34.32
1494120360.0,35.41
1494120420.0,36.97
1494120480.0,36.28
1494120540.0,36.12
1494120600.0,36.0
1494120660.0,37.4
1494120720.0,36.59
1494120780.0,37.93
1494120840.0,35.8
1494120900.0,36.64
1494120960.0,35.41
1494121020.0,34.99
1494121080.0,35.21
1494121140.0,35.04
1494121200.0,34.56
1494121260.0,35.94
1494121320.0,36.85
1494121380.0,37.54
1494121440.0,35.66
1494121500.0,34.69
1494121560.0,36.22
1494121620.0,36.96
1494121680.0,35.72
1494121740.0,36.02
1494121800.0,35.85
1494121860.0,38.48
1494121920.0,36.47
1494121980.0,37.51
1494122040.0,36.9
1494122100.0,35.04
1494122160.0,36.39
1494122220.0,36.55
1494122280.0,36.53
1494122340.0,35.99
1494122400.0,37.91
1494122460.0,35.07
1494122520.0,36.49
1494122580.0,36.49
1494122640.0,34.3
1494122700.0,36.57
1494122760.0,35.57
1494122820.0,36.39
1494122880.0,35.46
1494122940.0,36.43
1494123000.0,36.04
1494123060.0,35.87
1494123120.0,36.41
1494123180.0,35.97
1494123240.0,37.76
1494123300.0,37.54
1494123360.0,36.82
1494123420.0,34.87
1494123480.0,37.6
1494123540.0,36.15
1494123600.0,35.94
1494123660.0,37.72
1494123720.0,37.43
1494123780.0,36.59
1494123840.0,35.58
1494123900.0,35.72
1494123960.0,36.47
1494124020.0,36.01
1494124080.0,35.87
1494124140.0,35.63
1494124200.0,36.0
1494124260.0,35.67
1494124320.0,37.61
1494124380.0,36.54
1494124440.0,36.53
1494124500.0,36.8
1494124560.0,35.93
1494124620.0,38.97
1494124680.0,34.97
1494124740.0,37.27
1494124800.0,35.79
1494124860.0,37.36
1494124920.0,35.32
1494124980.0,36.97
1494125040.0,35.52
1494125100.0,38.73
1494125160.0,38.26
1494125220.0,36.95
1494125280.0,37.82
1494125340.0,36.57
1494125400.0,35.45
1494125460.0,36.13
1494125520.0,36.4
1494125580.0,35.48
1494125640.0,36.08
1494125700.0,35.23
1494125760.0,35.73
1494125820.0,36.78
1494125880.0,36.87
1494125940.0,36.38
1494126000.0,36.66
1494126060.0,38.09
1494126120.0,37.01
1494126180.0,38.66
1494126240.0,35.32
1494126300.0,38.42
1494126360.0,35.17
1494126420.0,35.76
1494126480.0,35.17
1494126540.0,35.74
1494126600.0,35.49
1494126660.0,37.22
1494126720.0,35.43
1494126780.0,37.1
1494126840.0,36.95
1494126900.0,35.98
1494126960.0,37.88
1494127020.0,36.62
1494127080.0,38.08
1494127140.0,36.12
1494127200.0,38.7
1494127260.0,35.2
1494127320.0,36.98
1494127380.0,36.25
1494127440.0,38.06
1494127500.0,35.15
1494127560.0,36.89
1494127620.0,35.98
1494127680.0,35.2
1494127740.0,34.94
1494127800.0,33.61
1494127860.0,35.12
1494127920.0,35.02
1494127980.0,37.19
1494128040.0,36.2
1494128100.0,36.08
1494128160.0,35.35
1494128220.0,36.3
1494128280.0,35.67
1494128340.0,34.55
1494128400.0,34.57
1494128460.0,35.55
1494128520.0,36.8
1494128580.0,35.62
1494128640.0,35.23
1494128700.0,34.3
1494128760.0,36.35
1494128820.0,36.29
1494128880.0,36.27
1494128940.0,36.27
1494129000.0,36.51
1494129060.0,38.14
1494129120.0,36.65
1494129180.0,37.63
1494129240.0,35.55
1494129300.0,36.25
1494129360.0,36.3
1494129420.0,37.31
1494129480.0,36.81
1494129540.0,35.4
1494129600.0,36.49
1494129660.0,35.88
1494129720.0,36.85
1494129780.0,34.31
1494129840.0,36.0
1494129900.0,34.34
1494129960.0,36.81
1494130020.0,36.29
1494130080.0,34.86
1494130140.0,34.85
1494130200.0,35.56
1494130260.0,36.39
1494130320.0,37.42
1494130380.0,35.75
1494130440.0,35.42
1494130500.0,36.27
1494130560.0,36.31
1494130620.0,34.61
1494130680.0,36.43
1494130740.0,36.69
1494130800.0,36.92
1494130860.0,35.14
1494130920.0,35.5
1494130980.0,35.02
1494131040.0,35.12
1494131100.0,37.09
1494131160.0,36.52
1494131220.0,35.37
1494131280.0,34.62
1494131340.0,35.36
1494131400.0,35.4
1494131460.0,37.58
1494131520.0,34.46
1494131580.0,36.19
1494131640.0,34.79
1494131700.0,36.36
1494131760.0,35.9
1494131820.0,35.39
1494131880.0,35.45
1494131940.0,37.39
1494132000.0,36.56
1494132060.0,35.15
1494132120.0,35.58
1494132180.0,35.22
1494132240.0,36.3
1494132300.0,34.76
1494132360.0,34.97
1494132420.0,34.87
1494132480.0,37.33
1494132540.0,35.65
1494132600.0,34.86
1494132660.0,35.66
1494132720.0,35.64
1494132780.0,37.88
1494132840.0,35.61
1494132900.0,36.68
1494132960.0,35.56
1494133020.0,39.06
1494133080.0,37.18
1494133140.0,38.22
1494133200.0,35.24
1494133260.0,38.96
1494133320.0,36.55
1494133380.0,36.75
1494133440.0,34.59
1494133500.0,35.31
1494133560.0,36.09
1494133620.0,35.51
1494133680.0,35.16
1494133740.0,34.5
1494133800.0,35.64
1494133860.0,36.48
1494133920.0,36.28
1494133980.0,35.6
1494134040.0,35.68
1494134100.0,38.1
1494134160.0,36.41
1494134220.0,38.01
1494134280.0,36.45
1494134340.0,38.38
1494134400.0,38.68
1494134460.0,36.92
1494134520.0,36.76
1494134580.0,36.98
1494134640.0,37.59
1494134700.0,37.85
1494134760.0,35.97
1494134820.0,35.69
1494134880.0,37.35
1494134940.0,36.31
1494135000.0,36.8
1494135060.0,36.19
1494135120.0,36.2
1494135180.0,37.31
1494135240.0,36.3
1494135300.0,35.67
1494135360.0,35.0
1494135420.0,37.35
1494135480.0,35.85
1494135540.0,36.77
1494135600.0,34.59
1494135660.0,36.11
1494135720.0,39.34
1494135780.0,37.57
1494135840.0,38.27
1494135900.0,35.27
1494135960.0,38.74
1494136020.0,38.1
1494136080.0,37.71
1494136140.0,37.46
1494136200.0,36.75
1494136260.0,36.54
1494136320.0,37.5
1494136380.0,37.12
1494136440.0,35.77
1494136500.0,37.35
1494136560.0,36.95
1494136620.0,36.76
1494136680.0,36.87
1494136740.0,36.72
1494136800.0,36.75
1494136860.0,39.02
1494136920.0,36.95
1494136980.0,38.13
1494137040.0,36.41
1494137100.0,37.26
1494137160.0,38.13
1494137220.0,36.33
1494137280.0,38.3
1494137340.0,37.06
1494137400.0,37.99
1494137460.0,36.53
1494137520.0,36.47
1494137580.0,37.94
1494137640.0,37.11
1494137700.0,38.17
1494137760.0,36.47
1494137820.0,36.62
1494137880.0,36.74
1494137940.0,38.65
1494138000.0,36.38
1494138060.0,37.39
1494138120.0,37.0
1494138180.0,38.03
1494138240.0,38.23
1494138300.0,37.08
1494138360.0,38.27
1494138420.0,37.39
1494138480.0,39.55
1494138540.0,36.69
1494138600.0,36.96
1494138660.0,37.38
1494138720.0,36.59
1494138780.0,38.07
1494138840.0,36.42
1494138900.0,36.4
1494138960.0,37.05
1494139020.0,39.8
1494139080.0,36.02
1494139140.0,37.79
1494139200.0,37.19
1494139260.0,37.54
1494139320.0,36.84
1494139380.0,36.68
1494139440.0,36.98
1494139500.0,36.76
1494139560.0,39.07
1494139620.0,37.78
1494139680.0,39.77
1494139740.0,39.8
1494139800.0,41.74
1494139860.0,38.62
1494139920.0,39.58
1494139980.0,36.87
1494140040.0,39.8
1494140100.0,37.96
1494140160.0,37.32
1494140220.0,35.78
1494140280.0,37.95
1494140340.0,36.49
1494140400.0,37.25
1494140460.0,34.6
1494140520.0,37.22
1494140580.0,38.38
1494140640.0,37.35
1494140700.0,36.45
1494140760.0,35.82
1494140820.0,37.61
1494140880.0,36.57
1494140940.0,38.0
1494141000.0,36.21
1494141060.0,38.03
1494141120.0,35.98
1494141180.0,38.56
1494141240.0,36.23
1494141300.0,38.15
1494141360.0,37.54
1494141420.0,38.47
1494141480.0,36.49
1494141540.0,36.37
1494141600.0,36.61
1494141660.0,37.6
1494141720.0,36.49
1494141780.0,36.2
1494141840.0,38.67
1494141900.0,35.41
1494141960.0,38.56
1494142020.0,36.3
1494142080.0,36.92
1494142140.0,36.14
1494142200.0,37.43
1494142260.0,37.47
1494142320.0,36.59
1494142380.0,37.93
1494142440.0,37.85
1494142500.0,40.52
1494142560.0,38.02
1494142620.0,38.6
1494142680.0,37.68
1494142740.0,38.91
1494142800.0,37.34
1494142860.0,37.16
1494142920.0,36.68
1494142980.0,37.34
1494143040.0,36.46
1494143100.0,36.89
1494143160.0,35.36
1494143220.0,36.35
1494143280.0,38.13
1494143340.0,36.36
1494143400.0,36.94
1494143460.0,38.22
1494143520.0,39.08
1494143580.0,37.97
1494143640.0,39.3
1494143700.0,36.59
1494143760.0,37.81
1494143820.0,38.01
1494143880.0,40.5
1494143940.0,36.7
1494144000.0,37.44
1494144060.0,36.51
1494144120.0,36.73
1494144180.0,36.55
1494144240.0,36.32
1494144300.0,36.86
1494144360.0,38.16
1494144420.0,38.37
1494144480.0,36.39
1494144540.0,37.6
1494144600.0,35.75
1494144660.0,37.15
1494144720.0,36.88
1494144780.0,36.44
1494144840.0,36.41
1494144900.0,37.02
1494144960.0,38.56
1494145020.0,37.08
1494145080.0,37.06
1494145140.0,37.11
1494145200.0,39.14
1494145260.0,36.63
1494145320.0,37.66
1494145380.0,36.36
1494145440.0,38.34
1494145500.0,36.99
1494145560.0,37.06
1494145620.0,34.35
1494145680.0,37.05
1494145740.0,38.44
1494145800.0,36.64
1494145860.0,36.41
1494145920.0,36.56
1494145980.0,38.17
1494146040.0,36.58
1494146100.0,37.36
1494146160.0,35.73
1494146220.0,39.1
1494146280.0,38.73
1494146340.0,37.75
1494146400.0,38.35
1494146460.0,36.91
1494146520.0,37.94
1494146580.0,36.83
1494146640.0,39.29
1494146700.0,36.26
1494146760.0,38.89
1494146820.0,37.08
1494146880.0,37.73
1494146940.0,35.75
1494147000.0,35.98
1494147060.0,37.58
1494147120.0,38.0
1494147180.0,36.14
1494147240.0,35.85
1494147300.0,37.66
1494147360.0,38.09
1494147420.0,39.19
1494147480.0,36.72
1494147540.0,37.68
1494147600.0,36.81
1494147660.0,38.34
1494147720.0,37.55
1494147780.0,36.51
1494147840.0,35.02
1494147900.0,37.95
1494147960.0,35.78
1494148020.0,36.71
1494148080.0,35.36
1494148140.0,38.35
1494148200.0,36.36
1494148260.0,38.01
1494148320.0,35.94
1494148380.0,36.53
1494148440.0,36.48
1494148500.0,37.47
1494148560.0,35.99
1494148620.0,34.96
1494148680.0,39.27
1494148740.0,36.39
1494148800.0,38.09
1494148860.0,36.18
1494148920.0,38.22
1494148980.0,36.36
1494149040.0,37.11
1494149100.0,36.02
1494149160.0,35.71
1494149220.0,37.74
1494149280.0,36.92
1494149340.0,38.54
1494149400.0,37.65
1494149460.0,38.06
1494149520.0,38.06
1494149580.0,40.61
1494149640.0,37.14
1494149700.0,38.38
1494149760.0,36.36
1494149820.0,37.0
1494149880.0,37.62
1494149940.0,36.63
1494150000.0,36.03
1494150060.0,35.58
1494150120.0,37.32
1494150180.0,36.86
1494150240.0,36.56
1494150300.0,36.62
1494150360.0,37.11
1494150420.0,38.45
1494150480.0,39.33
1494150540.0,37.82
1494150600.0,37.44
1494150660.0,39.17
1494150720.0,36.63
1494150780.0,38.67
1494150840.0,36.82
1494150900.0,37.91
1494150960.0,36.85
1494151020.0,36.77
1494151080.0,36.14
1494151140.0,35.59
1494151200.0,35.48
1494151260.0,38.21
1494151320.0,36.55
1494151380.0,36.06
1494151440.0,35.44
1494151500.0,36.21
1494151560.0,38.03
1494151620.0,37.17
1494151680.0,36.69
1494151740.0,35.54
1494151800.0,36.8
1494151860.0,36.68
1494151920.0,39.78
1494151980.0,36.52
1494152040.0,36.45
1494152100.0,37.66
1494152160.0,37.27
1494152220.0,38.02
1494152280.0,35.37
1494152340.0,36.67
1494152400.0,36.1
1494152460.0,37.97
1494152520.0,35.46
1494152580.0,35.93
1494152640.0,35.65
1494152700.0,37.06
1494152760.0,35.5
1494152820.0,35.49
1494152880.0,36.48
1494152940.0,36.88
1494153000.0,37.15
1494153060.0,36.41
1494153120.0,38.04
1494153180.0,37.1
1494153240.0,38.86
1494153300.0,37.46
1494153360.0,39.02
1494153420.0,38.49
1494153480.0,38.19
1494153540.0,36.47
1494153600.0,38.72
1494153660.0,36.91
1494153720.0,37.02
1494153780.0,37.95
1494153840.0,37.7
1494153900.0,37.0
1494153960.0,36.92
1494154020.0,38.16
1494154080.0,37.48
1494154140.0,38.0
1494154200.0,37.41
1494154260.0,36.48
1494154320.0,37.55
1494154380.0,36.86
1494154440.0,37.74
1494154500.0,35.84
1494154560.0,37.13
1494154620.0,36.46
1494154680.0,39.82
1494154740.0,36.61
1494154800.0,37.26
1494154860.0,36.81
1494154920.0,37.28
1494154980.0,37.08
1494155040.0,36.48
1494155100.0,36.42
1494155160.0,37.19
1494155220.0,37.16
1494155280.0,36.59
1494155340.0,38.82
1494155400.0,36.48
1494155460.0,38.97
1494155520.0,35.98
1494155580.0,37.21
1494155640.0,35.61
1494155700.0,37.27
1494155760.0,35.96
1494155820.0,35.74
1494155880.0,36.23
1494155940.0,38.26
1494156000.0,37.26
1494156060.0,37.21
1494156120.0,35.31
1494156180.0,38.53
1494156240.0,38.83
1494156300.0,36.67
1494156360.0,38.07
1494156420.0,36.97
1494156480.0,37.15
1494156540.0,37.43
1494156600.0,35.09
1494156660.0,37.5
1494156720.0,38.14
1494156780.0,36.6
1494156840.0,37.24
1494156900.0,36.3
1494156960.0,37.37
1494157020.0,37.37
1494157080.0,39.35
1494157140.0,36.31
1494157200.0,38.83
1494157260.0,40.85
1494157320.0,39.46
1494157380.0,40.46
1494157440.0,37.21
1494157500.0,39.48
1494157560.0,37.86
1494157620.0,38.37
1494157680.0,38.08
1494157740.0,38.33
1494157800.0,37.28
1494157860.0,38.04
1494157920.0,36.9
1494157980.0,39.63
1494158040.0,38.11
1494158100.0,37.95
1494158160.0,37.76
1494158220.0,39.59
1494158280.0,39.32
1494158340.0,38.68
1494158400.0,37.77
1494158460.0,38.14
1494158520.0,39.74
1494158580.0,36.68
1494158640.0,38.02
1494158700.0,38.78
1494158760.0,39.71
1494158820.0,37.1
1494158880.0,38.4
1494158940.0,39.01
1494159000.0,38.58
1494159060.0,38.95
1494159120.0,37.19
1494159180.0,40.06
1494159240.0,38.81
1494159300.0,38.47
1494159360.0,38.09
1494159420.0,38.74
1494159480.0,38.56
1494159540.0,37.49
1494159600.0,37.85
1494159660.0,38.98
1494159720.0,40.12
1494159780.0,37.63
1494159840.0,38.99
1494159900.0,39.8
1494159960.0,38.03
1494160020.0,38.03
1494160080.0,38.35
1494160140.0,39.56
1494160200.0,37.92
1494160260.0,38.11
1494160320.0,37.9
1494160380.0,40.12
1494160440.0,38.28
1494160500.0,37.0
1494160560.0,36.83
1494160620.0,39.36
1494160680.0,37.65
1494160740.0,39.13
1494160800.0,37.85
1494160860.0,39.62
1494160920.0,37.56
1494160980.0,38.13
1494161040.0,38.34
1494161100.0,41.02
1494161160.0,40.12
1494161220.0,39.79
1494161280.0,39.83
1494161340.0,37.62
1494161400.0,37.25
1494161460.0,35.98
1494161520.0,39.44
1494161580.0,37.72
1494161640.0,35.72
1494161700.0,37.49
1494161760.0,37.66
1494161820.0,39.08
1494161880.0,37.69
1494161940.0,40.23
1494162000.0,38.37
1494162060.0,40.78
1494162120.0,38.51
1494162180.0,40.57
1494162240.0,38.59
1494162300.0,39.77
1494162360.0,37.77
1494162420.0,37.6
1494162480.0,37.61
1494162540.0,36.58
1494162600.0,37.47
1494162660.0,36.15
1494162720.0,38.0
1494162780.0,36.49
1494162840.0,38.91
1494162900.0,39.44
1494162960.0,40.25
1494163020.0,38.96
1494163080.0,39.13
1494163140.0,39.14
1494163200.0,38.36
1494163260.0,37.86
1494163320.0,37.65
1494163380.0,39.36
1494163440.0,37.38
1494163500.0,36.99
1494163560.0,36.35
1494163620.0,38.94
1494163680.0,38.33
1494163740.0,37.71
1494163800.0,38.56
1494163860.0,39.07
1494163920.0,38.28
1494163980.0,35.85
1494164040.0,40.57
1494164100.0,36.01
1494164160.0,36.03
1494164220.0,37.69
1494164280.0,37.63
1494164340.0,37.27
1494164400.0,37.18
1494164460.0,38.54
1494164520.0,38.7
1494164580.0,39.11
1494164640.0,39.39
1494164700.0,38.27
1494164760.0,39.0
1494164820.0,38.08
1494164880.0,36.77
1494164940.0,39.02
1494165000.0,37.59
1494165060.0,36.48
1494165120.0,37.58
1494165180.0,38.05
1494165240.0,38.25
1494165300.0,37.96
1494165360.0,36.99
1494165420.0,38.28
1494165480.0,39.74
1494165540.0,37.73
1494165600.0,41.72
1494165660.0,37.83
1494165720.0,41.46
1494165780.0,36.77
1494165840.0,39.94
1494165900.0,39.8
1494165960.0,36.12
1494166020.0,37.17
1494166080.0,36.08
1494166140.0,38.86
1494166200.0,35.86
1494166260.0,37.27
1494166320.0,37.32
1494166380.0,36.75
1494166440.0,38.09
1494166500.0,36.07
1494166560.0,40.08
1494166620.0,37.37
1494166680.0,39.81
1494166740.0,37.58
1494166800.0,36.33
1494166860.0,41.31
1494166920.0,36.38
1494166980.0,38.66
1494167040.0,37.5
1494167100.0,38.24
1494167160.0,36.05
1494167220.0,36.79
1494167280.0,38.1
1494167340.0,38.87
1494167400.0,37.2
1494167460.0,36.82
1494167520.0,39.36
1494167580.0,37.6
1494167640.0,38.38
1494167700.0,37.54
1494167760.0,39.93
1494167820.0,37.96
1494167880.0,39.35
1494167940.0,36.89
1494168000.0,36.53
1494168060.0,37.94
1494168120.0,38.01
1494168180.0,36.83
1494168240.0,35.78
1494168300.0,37.1
1494168360.0,37.04
1494168420.0,35.64
1494168480.0,36.35
1494168540.0,36.6
1494168600.0,35.79
1494168660.0,39.08
1494168720.0,35.68
1494168780.0,39.28
1494168840.0,36.66
1494168900.0,39.0
1494168960.0,36.19
1494169020.0,37.27
1494169080.0,37.31
1494169140.0,36.34
1494169200.0,37.34
1494169260.0,35.98
1494169320.0,37.84
1494169380.0,35.66
1494169440.0,37.38
1494169500.0,35.95
1494169560.0,36.66
1494169620.0,35.96
1494169680.0,39.27
1494169740.0,36.18
1494169800.0,38.09
1494169860.0,35.52
1494169920.0,38.59
1494169980.0,36.15
1494170040.0,35.74
1494170100.0,37.67
1494170160.0,36.17
1494170220.0,34.95
1494170280.0,36.36
1494170340.0,36.47
1494170400.0,36.69
1494170460.0,36.35
1494170520.0,34.84
1494170580.0,34.58
1494170640.0,37.04
1494170700.0,36.82
1494170760.0,36.74
1494170820.0,37.08
1494170880.0,36.46
1494170940.0,36.35
1494171000.0,36.26
1494171060.0,36.44
1494171120.0,37.55
1494171180.0,36.95
1494171240.0,35.94
1494171300.0,36.75
1494171360.0,36.07
1494171420.0,36.97
1494171480.0,35.51
1494171540.0,33.76
1494171600.0,33.76
1494171660.0,33.25
1494171720.0,34.52
1494171780.0,33.4
1494171840.0,35.05
1494171900.0,34.78
1494171960.0,33.77
1494172020.0,33.68
1494172080.0,37.09
1494172140.0,34.19
1494172200.0,36.47
1494172260.0,35.09
1494172320.0,36.51
1494172380.0,35.15
1494172440.0,37.35
1494172500.0,34.63
1494172560.0,37.58
1494172620.0,34.21
1494172680.0,37.48
1494172740.0,34.85
1494172800.0,36.06
1494172860.0,32.48
1494172920.0,35.3
1494172980.0,33.41
1494173040.0,34.99
1494173100.0,36.21
1494173160.0,35.23
1494173220.0,34.04
1494173280.0,34.52
1494173340.0,33.02
1494173400.0,32.58
1494173460.0,32.91
1494173520.0,34.24
1494173580.0,33.44
1494173640.0,33.52
1494173700.0,34.94
1494173760.0,34.48
1494173820.0,32.9
1494173880.0,32.9
1494173940.0,33.61
1494174000.0,33.04
1494174060.0,34.06
1494174120.0,35.71
1494174180.0,34.96
1494174240.0,33.33
1494174300.0,34.36
1494174360.0,31.37
1494174420.0,32.98
1494174480.0,32.02
1494174540.0,32.63
1494174600.0,33.38
1494174660.0,34.68
1494174720.0,34.29
1494174780.0,33.22
1494174840.0,34.5
1494174900.0,33.96
1494174960.0,32.21
1494175020.0,32.44
1494175080.0,33.09
1494175140.0,32.72
1494175200.0,32.57
1494175260.0,33.51
1494175320.0,34.6
1494175380.0,34.44
1494175440.0,34.27
1494175500.0,34.06
1494175560.0,33.99
1494175620.0,34.51
1494175680.0,32.71
1494175740.0,33.25
1494175800.0,32.43
1494175860.0,32.08
1494175920.0,31.98
1494175980.0,31.47
1494176040.0,32.99
1494176100.0,32.63
1494176160.0,30.81
1494176220.0,31.41
1494176280.0,33.96
1494176340.0,33.29
1494176400.0,33.02
1494176460.0,31.58
1494176520.0,32.16
1494176580.0,31.7
1494176640.0,32.54
1494176700.0,30.95
1494176760.0,31.26
1494176820.0,31.4
1494176880.0,32.59
1494176940.0,31.37
1494177000.0,32.44
1494177060.0,30.91
1494177120.0,33.21
1494177180.0,31.38
1494177240.0,31.54
1494177300.0,30.69
1494177360.0,31.05
1494177420.0,30.69
1494177480.0,32.71
1494177540.0,29.92
1494177600.0,31.54
1494177660.0,29.57
1494177720.0,32.9
1494177780.0,30.8
1494177840.0,32.56
1494177900.0,31.42
1494177960.0,32.99
1494178020.0,30.11
1494178080.0,29.05
1494178140.0,32.62
1494178200.0,30.54
1494178260.0,33.36
1494178320.0,31.68
1494178380.0,31.42
1494178440.0,30.59
1494178500.0,30.2
1494178560.0,30.25
1494178620.0,31.73
1494178680.0,29.91
1494178740.0,30.98
1494178800.0,30.09
1494178860.0,31.67
1494178920.0,30.26
1494178980.0,30.67
1494179040.0,31.46
1494179100.0,32.59
1494179160.0,30.63
1494179220.0,32.11
1494179280.0,32.26
1494179340.0,33.41
1494179400.0,33.24
1494179460.0,33.24
1494179520.0,33.05
1494179580.0,32.36
1494179640.0,31.86
1494179700.0,33.12
1494179760.0,30.67
1494179820.0,31.81
1494179880.0,30.62
1494179940.0,33.74
1494180000.0,31.17
1494180060.0,30.61
1494180120.0,31.71
1494180180.0,33.35
1494180240.0,32.28
1494180300.0,31.6
1494180360.0,30.48
1494180420.0,31.16
1494180480.0,32.68
1494180540.0,33.98
1494180600.0,30.4
1494180660.0,33.84
1494180720.0,30.48
1494180780.0,33.89
1494180840.0,29.65
1494180900.0,31.53
1494180960.0,31.89
1494181020.0,30.67
1494181080.0,31.69
1494181140.0,32.39
1494181200.0,29.83
1494181260.0,32.13
1494181320.0,31.52
1494181380.0,30.87
1494181440.0,30.36
1494181500.0,32.94
1494181560.0,33.35
1494181620.0,33.58
1494181680.0,33.58
1494181740.0,33.45
1494181800.0,31.58
1494181860.0,33.58
1494181920.0,33.69
1494181980.0,33.23
1494182040.0,33.56
1494182100.0,30.77
1494182160.0,31.81
1494182220.0,31.65
1494182280.0,30.64
1494182340.0,31.49
1494182400.0,30.78
1494182460.0,32.03
1494182520.0,30.13
1494182580.0,29.54
1494182640.0,29.22
1494182700.0,31.55
1494182760.0,31.36
1494182820.0,32.79
1494182880.0,32.62
1494182940.0,32.45
1494183000.0,31.26
1494183060.0,31.33
1494183120.0,31.01
1494183180.0,31.33
1494183240.0,32.34
1494183300.0,32.03
1494183360.0,31.13
1494183420.0,28.93
1494183480.0,32.14
1494183540.0,31.15
1494183600.0,29.29
1494183660.0,32.4
1494183720.0,31.51
1494183780.0,32.11
1494183840.0,32.78
1494183900.0,30.37
1494183960.0,33.42
1494184020.0,30.3
1494184080.0,30.73
1494184140.0,30.93
1494184200.0,30.63
1494184260.0,28.82
1494184320.0,29.51
1494184380.0,28.93
1494184440.0,30.84
1494184500.0,30.69
1494184560.0,30.45
1494184620.0,28.69
1494184680.0,28.69
1494184740.0,30.58
1494184800.0,32.83
1494184860.0,31.68
1494184920.0,31.68
1494184980.0,29.92
1494185040.0,32.51
1494185100.0,34.93
1494185160.0,32.97
1494185220.0,32.9
1494185280.0,31.83
1494185340.0,31.79
1494185400.0,34.09
1494185460.0,33.36
1494185520.0,33.6
1494185580.0,31.5
1494185640.0,33.46
1494185700.0,28.95
1494185760.0,31.5
1494185820.0,30.63
1494185880.0,32.69
1494185940.0,32.08
1494186000.0,32.08
1494186060.0,31.47
1494186120.0,34.22
1494186180.0,33.34
1494186240.0,33.91
1494186300.0,32.73
1494186360.0,37.45
1494186420.0,35.75
1494186480.0,32.42
1494186540.0,31.47
1494186600.0,32.07
1494186660.0,29.56
1494186720.0,30.72
1494186780.0,30.15
1494186840.0,31.75
1494186900.0,32.4
1494186960.0,31.07
1494187020.0,31.91
1494187080.0,30.71
1494187140.0,29.77
1494187200.0,29.35
1494187260.0,30.72
1494187320.0,31.46
1494187380.0,32.07
1494187440.0,29.57
1494187500.0,29.5
1494187560.0,31.53
1494187620.0,30.09
1494187680.0,29.44
1494187740.0,31.69
1494187800.0,31.01
1494187860.0,31.95
1494187920.0,30.07
1494187980.0,30.45
1494188040.0,32.78
1494188100.0,29.75
1494188160.0,33.65
1494188220.0,31.66
1494188280.0,29.61
1494188340.0,29.99
1494188400.0,31.32
1494188460.0,28.96
1494188520.0,32.02
1494188580.0,28.24
1494188640.0,30.58
1494188700.0,29.9
1494188760.0,31.94
1494188820.0,30.09
1494188880.0,31.5
1494188940.0,29.85
1494189000.0,28.86
1494189060.0,30.82
1494189120.0,31.65
1494189180.0,29.86
1494189240.0,31.24
1494189300.0,28.58
1494189360.0,30.99
1494189420.0,30.97
1494189480.0,30.6
1494189540.0,29.61
1494189600.0,30.01
1494189660.0,30.42
1494189720.0,29.02
1494189780.0,30.03
1494189840.0,30.99
1494189900.0,30.16
1494189960.0,30.53
1494190020.0,32.63
1494190080.0,30.14
1494190140.0,30.0
1494190200.0,29.78
1494190260.0,31.02
1494190320.0,31.32
1494190380.0,29.86
1494190440.0,28.88
1494190500.0,30.0
1494190560.0,30.25
1494190620.0,31.26
1494190680.0,29.78
1494190740.0,32.77
1494190800.0,32.63
1494190860.0,30.01
1494190920.0,31.61
1494190980.0,29.24
1494191040.0,30.76
1494191100.0,33.91
1494191160.0,30.71
1494191220.0,30.59
1494191280.0,29.46
1494191340.0,30.34
1494191400.0,28.93
1494191460.0,30.38
1494191520.0,28.77
1494191580.0,31.67
1494191640.0,29.35
1494191700.0,31.68
1494191760.0,32.89
1494191820.0,33.45
1494191880.0,53.18
1494191940.0,57.36
1494192000.0,50.65
1494192060.0,57.53
1494192120.0,54.86
1494192180.0,53.04
1494192240.0,37.38
1494192300.0,29.13
1494192360.0,30.48
1494192420.0,27.94
1494192480.0,31.4
1494192540.0,30.49
1494192600.0,30.13
1494192660.0,31.18
1494192720.0,29.57
1494192780.0,32.44
1494192840.0,29.91
1494192900.0,29.79
1494192960.0,30.54
1494193020.0,30.25
1494193080.0,30.0
1494193140.0,29.86
1494193200.0,30.65
1494193260.0,29.99
1494193320.0,30.57
1494193380.0,30.08
1494193440.0,29.76
1494193500.0,30.76
1494193560.0,30.04
1494193620.0,30.21
1494193680.0,29.24
1494193740.0,30.18
1494193800.0,30.1
1494193860.0,30.24
1494193920.0,30.16
1494193980.0,32.02
1494194040.0,31.23
1494194100.0,31.88
1494194160.0,31.82
1494194220.0,31.79
1494194280.0,31.41
1494194340.0,31.79
1494194400.0,31.46
1494194460.0,30.15
1494194520.0,30.66
1494194580.0,30.94
1494194640.0,32.58
1494194700.0,30.42
1494194760.0,30.76
1494194820.0,32.32
1494194880.0,31.71
1494194940.0,32.3
1494195000.0,32.62
1494195060.0,32.62
1494195120.0,32.6
1494195180.0,31.31
1494195240.0,33.38
1494195300.0,30.42
1494195360.0,32.99
1494195420.0,31.97
1494195480.0,33.61
1494195540.0,32.26
1494195600.0,32.81
1494195660.0,32.13
1494195720.0,33.5
1494195780.0,32.95
1494195840.0,33.5
1494195900.0,32.79
1494195960.0,32.89
1494196020.0,32.99
1494196080.0,32.37
1494196140.0,33.73
1494196200.0,31.91
1494196260.0,33.58
1494196320.0,33.52
1494196380.0,32.75
1494196440.0,33.51
1494196500.0,33.44
1494196560.0,33.68
1494196620.0,32.03
1494196680.0,31.84
1494196740.0,30.49
1494196800.0,31.42
1494196860.0,33.17
1494196920.0,30.86
1494196980.0,34.05
1494197040.0,32.69
1494197100.0,34.29
1494197160.0,33.95
1494197220.0,35.27
1494197280.0,33.03
1494197340.0,32.56
1494197400.0,33.09
1494197460.0,32.64
1494197520.0,32.35
1494197580.0,34.21
1494197640.0,33.91
1494197700.0,34.26
1494197760.0,33.68
1494197820.0,33.87
1494197880.0,34.19
1494197940.0,31.77
1494198000.0,32.29
1494198060.0,31.58
1494198120.0,32.37
1494198180.0,32.58
1494198240.0,33.27
1494198300.0,31.77
1494198360.0,34.47
1494198420.0,33.99
1494198480.0,36.33
1494198540.0,31.41
1494198600.0,33.04
1494198660.0,31.61
1494198720.0,33.27
1494198780.0,32.43
1494198840.0,33.86
1494198900.0,32.76
1494198960.0,32.7
